<?xml version="1.0"?>
<testResults>
  <FitNesseVersion>v20161106</FitNesseVersion>
  <rootPath>ApiFitDemoPage</rootPath>
    <result>
    <counts>
      <right>0</right>
      <wrong>0</wrong>
      <ignores>0</ignores>
      <exceptions>59</exceptions>
    </counts>
    <date>2017-04-28T11:47:53+02:00</date>
    <runTimeInMillis>177</runTimeInMillis>
    <content>&lt;div class="collapsible closed"&gt;&lt;ul&gt;&lt;li&gt;&lt;a href='#' class='expandall'&gt;Expand&lt;/a&gt;&lt;/li&gt;&lt;li&gt;&lt;a href='#' class='collapseall'&gt;Collapse&lt;/a&gt;&lt;/li&gt;&lt;/ul&gt;
	&lt;p class="title"&gt;Included page: &lt;a href="ApiFitDemoPage.SetUp"&gt;.ApiFitDemoPage.SetUp&lt;/a&gt; &lt;a href="ApiFitDemoPage.SetUp?edit&amp;amp;redirectToReferer=true&amp;amp;redirectAction=" class="edit"&gt;(edit)&lt;/a&gt;&lt;/p&gt;
	&lt;div&gt;&lt;table&gt;
	&lt;tr class="slimRowTitle"&gt;
		&lt;td&gt;import&lt;/td&gt;
	&lt;/tr&gt;
	&lt;tr class="slimRowColor0"&gt;
		&lt;td&gt;&lt;span class="pass"&gt;apifit.fixture&lt;/span&gt;&lt;/td&gt;
	&lt;/tr&gt;
&lt;/table&gt;
&lt;br/&gt;&lt;span class="meta"&gt;variable defined: APIFIT_PROXY_HOST=proxy-sgt.si.socgen&lt;/span&gt;
&lt;br/&gt;&lt;span class="meta"&gt;variable defined: APIFIT_PROXY_PORT=8080&lt;/span&gt;
&lt;br/&gt;&lt;span class="meta"&gt;variable defined: APIFIT_PROXY_USER=x131389&lt;/span&gt;
&lt;br/&gt;&lt;span class="meta"&gt;variable defined: APIFIT_PROXY_PASSWD=Hendrix68!&lt;/span&gt;
&lt;br/&gt;&lt;br/&gt;APITFIT Standard Configuration&lt;br/&gt;&lt;table&gt;
	&lt;tr class="slimRowTitle"&gt;
		&lt;td colspan="2"&gt;ddt:Property Configuration Fixture &lt;span class="error"&gt;Could not invoke constructor for PropertyConfigurationFixture[0]&lt;/span&gt;&lt;/td&gt;
	&lt;/tr&gt;
	&lt;tr class="slimRowTitle"&gt;
		&lt;td&gt;APIFIT:PROXY_HOST&lt;/td&gt;
		&lt;td&gt;APIFIT:PROXY_PORT&lt;/td&gt;
	&lt;/tr&gt;
	&lt;tr class="slimRowColor1"&gt;
		&lt;td&gt;proxy-sgt.si.socgen &lt;span class="error"&gt;The instance dynamicDecisionTable_1.set. does not exist&lt;/span&gt;&lt;/td&gt;
		&lt;td&gt;8080 &lt;span class="error"&gt;The instance dynamicDecisionTable_1.set. does not exist&lt;/span&gt;&lt;/td&gt;
	&lt;/tr&gt;
&lt;/table&gt;
&lt;br/&gt;&lt;table&gt;
	&lt;tr&gt;
		&lt;td colspan="2"&gt;Session Fixture &lt;span class="error"&gt;Could not invoke constructor for SessionFixture[0]&lt;/span&gt;&lt;/td&gt;
	&lt;/tr&gt;
	&lt;tr&gt;
		&lt;td&gt;set up?&lt;/td&gt;
		&lt;td&gt;test session id?&lt;/td&gt;
	&lt;/tr&gt;
	&lt;tr&gt;
		&lt;td&gt;OK &lt;span class="error"&gt;The instance decisionTable_2.setUp. does not exist&lt;/span&gt;&lt;/td&gt;
		&lt;td&gt;$TEST_SESSION_ID= &lt;span class="error"&gt;The instance decisionTable_2.testSessionId. does not exist&lt;/span&gt;&lt;/td&gt;
	&lt;/tr&gt;
&lt;/table&gt;
&lt;br/&gt;&lt;table&gt;
	&lt;tr&gt;
		&lt;td&gt;Authentification Fixture &lt;span class="error"&gt;Could not invoke constructor for AuthentificationFixture[1]&lt;/span&gt;&lt;/td&gt;
		&lt;td colspan="3"&gt;$TEST_SESSION_ID&lt;/td&gt;
	&lt;/tr&gt;
	&lt;tr&gt;
		&lt;td&gt;user&lt;/td&gt;
		&lt;td&gt;password&lt;/td&gt;
		&lt;td&gt;host&lt;/td&gt;
		&lt;td&gt;port&lt;/td&gt;
	&lt;/tr&gt;
	&lt;tr&gt;
		&lt;td&gt;x131389 &lt;span class="error"&gt;The instance decisionTable_3.setUser. does not exist&lt;/span&gt;&lt;/td&gt;
		&lt;td&gt;Hendrix68! &lt;span class="error"&gt;The instance decisionTable_3.setPassword. does not exist&lt;/span&gt;&lt;/td&gt;
		&lt;td&gt;proxy-sgt.si.socgen &lt;span class="error"&gt;The instance decisionTable_3.setHost. does not exist&lt;/span&gt;&lt;/td&gt;
		&lt;td&gt;8080 &lt;span class="error"&gt;The instance decisionTable_3.setPort. does not exist&lt;/span&gt;&lt;/td&gt;
	&lt;/tr&gt;
&lt;/table&gt;
&lt;br/&gt;&lt;span class="meta"&gt;variable defined: API_HOST=jsonplaceholder.[host_var].com&lt;/span&gt;
&lt;br/&gt;&lt;span class="meta"&gt;variable defined: API_PATH=/[path_var]&lt;/span&gt;
&lt;br/&gt;&lt;span class="meta"&gt;variable defined: PAYLOAD=
!-{-!
    "id": 1,
    "name": "Leanne Graham",
    "username": "Bret",
    "email": "Sincere@april.biz",
    "address": !-{-!
      "street": "Kulas Light",
      "suite": "Apt. 556",
      "city": "Gwenborough",
      "zipcode": "92998-3874",
      "geo": !-{-!
        "lat": "-37.3159",
        "lng": "81.1496"
      !-}-!
    !-}-!,
    "phone": "1-770-736-8031 x56442",
    "website": "hildegard.org",
    "company": !-{-!
      "name": "Romaguera-Crona",
      "catchPhrase": "Multi-layered client-server neural-net",
      "bs": "harness real-time e-markets"
    !-}-!
  !-}-!
&lt;/span&gt;
&lt;/div&gt;
&lt;/div&gt;
&lt;br/&gt;&lt;h3&gt;Welcome to apifit demo ! Click Test to execute !&lt;/h3&gt;
&lt;br/&gt;&lt;b&gt;1 - simple API test example&lt;/b&gt;&lt;br/&gt;&lt;table&gt;
	&lt;tr class="slimRowTitle"&gt;
		&lt;td&gt;ddt:API Fixture &lt;span class="error"&gt;Could not invoke constructor for APIFixture[4]&lt;/span&gt;&lt;/td&gt;
		&lt;td&gt;GET&lt;/td&gt;
		&lt;td&gt;jsonplaceholder.typicode.com&lt;/td&gt;
		&lt;td&gt;/users&lt;/td&gt;
		&lt;td colspan="2"&gt;$TEST_SESSION_ID&lt;/td&gt;
	&lt;/tr&gt;
	&lt;tr class="slimRowTitle"&gt;
		&lt;td&gt;status code?&lt;/td&gt;
		&lt;td&gt;$.length()?&lt;/td&gt;
		&lt;td&gt;$.[0].name?&lt;/td&gt;
		&lt;td&gt;$.[1].address.street?&lt;/td&gt;
		&lt;td&gt;APIFIT:CONTAINS(innovative)?&lt;/td&gt;
		&lt;td&gt;APIFIT:COUNT(Trump)?&lt;/td&gt;
	&lt;/tr&gt;
	&lt;tr class="slimRowColor1"&gt;
		&lt;td&gt;200 &lt;span class="error"&gt;The instance dynamicDecisionTable_4.get. does not exist&lt;/span&gt;&lt;/td&gt;
		&lt;td&gt;10 &lt;span class="error"&gt;The instance dynamicDecisionTable_4.get. does not exist&lt;/span&gt;&lt;/td&gt;
		&lt;td&gt;Leanne Graham &lt;span class="error"&gt;The instance dynamicDecisionTable_4.get. does not exist&lt;/span&gt;&lt;/td&gt;
		&lt;td&gt;Victor Plains &lt;span class="error"&gt;The instance dynamicDecisionTable_4.get. does not exist&lt;/span&gt;&lt;/td&gt;
		&lt;td&gt;TRUE &lt;span class="error"&gt;The instance dynamicDecisionTable_4.get. does not exist&lt;/span&gt;&lt;/td&gt;
		&lt;td&gt;0 &lt;span class="error"&gt;The instance dynamicDecisionTable_4.get. does not exist&lt;/span&gt;&lt;/td&gt;
	&lt;/tr&gt;
&lt;/table&gt;
&lt;br/&gt;&lt;b&gt;2 - Data Driven example&lt;/b&gt;&lt;br/&gt;&lt;table&gt;
	&lt;tr class="slimRowTitle"&gt;
		&lt;td&gt;ddt:API Fixture &lt;span class="error"&gt;Could not invoke constructor for APIFixture[4]&lt;/span&gt;&lt;/td&gt;
		&lt;td&gt;GET&lt;/td&gt;
		&lt;td&gt;jsonplaceholder.[host_var].com&lt;/td&gt;
		&lt;td&gt;/[path_var]&lt;/td&gt;
		&lt;td&gt;$TEST_SESSION_ID&lt;/td&gt;
	&lt;/tr&gt;
	&lt;tr class="slimRowTitle"&gt;
		&lt;td&gt;[host_var]&lt;/td&gt;
		&lt;td&gt;[path_var]&lt;/td&gt;
		&lt;td&gt;id&lt;/td&gt;
		&lt;td&gt;status code?&lt;/td&gt;
		&lt;td&gt;$.[0].name?&lt;/td&gt;
	&lt;/tr&gt;
	&lt;tr class="slimRowColor1"&gt;
		&lt;td&gt;typicode &lt;span class="error"&gt;The instance dynamicDecisionTable_5.set. does not exist&lt;/span&gt;&lt;/td&gt;
		&lt;td&gt;users &lt;span class="error"&gt;The instance dynamicDecisionTable_5.set. does not exist&lt;/span&gt;&lt;/td&gt;
		&lt;td&gt;1 &lt;span class="error"&gt;The instance dynamicDecisionTable_5.set. does not exist&lt;/span&gt;&lt;/td&gt;
		&lt;td&gt;200 &lt;span class="error"&gt;The instance dynamicDecisionTable_5.get. does not exist&lt;/span&gt;&lt;/td&gt;
		&lt;td&gt;Leanne Graham &lt;span class="error"&gt;The instance dynamicDecisionTable_5.get. does not exist&lt;/span&gt;&lt;/td&gt;
	&lt;/tr&gt;
	&lt;tr class="slimRowColor0"&gt;
		&lt;td&gt;typicode &lt;span class="error"&gt;The instance dynamicDecisionTable_5.set. does not exist&lt;/span&gt;&lt;/td&gt;
		&lt;td&gt;users &lt;span class="error"&gt;The instance dynamicDecisionTable_5.set. does not exist&lt;/span&gt;&lt;/td&gt;
		&lt;td&gt;2 &lt;span class="error"&gt;The instance dynamicDecisionTable_5.set. does not exist&lt;/span&gt;&lt;/td&gt;
		&lt;td&gt;200 &lt;span class="error"&gt;The instance dynamicDecisionTable_5.get. does not exist&lt;/span&gt;&lt;/td&gt;
		&lt;td&gt;Ervin Howell &lt;span class="error"&gt;The instance dynamicDecisionTable_5.get. does not exist&lt;/span&gt;&lt;/td&gt;
	&lt;/tr&gt;
	&lt;tr class="slimRowColor1"&gt;
		&lt;td&gt;typicode &lt;span class="error"&gt;The instance dynamicDecisionTable_5.set. does not exist&lt;/span&gt;&lt;/td&gt;
		&lt;td&gt;users &lt;span class="error"&gt;The instance dynamicDecisionTable_5.set. does not exist&lt;/span&gt;&lt;/td&gt;
		&lt;td&gt;3 &lt;span class="error"&gt;The instance dynamicDecisionTable_5.set. does not exist&lt;/span&gt;&lt;/td&gt;
		&lt;td&gt;200 &lt;span class="error"&gt;The instance dynamicDecisionTable_5.get. does not exist&lt;/span&gt;&lt;/td&gt;
		&lt;td&gt;Clementine Bauch &lt;span class="error"&gt;The instance dynamicDecisionTable_5.get. does not exist&lt;/span&gt;&lt;/td&gt;
	&lt;/tr&gt;
&lt;/table&gt;
&lt;br/&gt;&lt;b&gt;3 - Behavior Driven Development example&lt;/b&gt;&lt;br/&gt;&lt;i&gt;GIVEN I am authentified&lt;/i&gt;&lt;br/&gt;&lt;i&gt;WHEN I ask for the description of user number 1&lt;/i&gt;&lt;br/&gt;&lt;i&gt;THEN the response time is less than 1 second&lt;/i&gt;&lt;br/&gt;&lt;table&gt;
	&lt;tr class="slimRowTitle"&gt;
		&lt;td&gt;ddt:API Fixture &lt;span class="error"&gt;Could not invoke constructor for APIFixture[4]&lt;/span&gt;&lt;/td&gt;
		&lt;td&gt;GET&lt;/td&gt;
		&lt;td&gt;jsonplaceholder.[host_var].com&lt;/td&gt;
		&lt;td&gt;/[path_var]&lt;/td&gt;
		&lt;td colspan="2"&gt;$TEST_SESSION_ID&lt;/td&gt;
	&lt;/tr&gt;
	&lt;tr class="slimRowTitle"&gt;
		&lt;td&gt;[host_var]&lt;/td&gt;
		&lt;td&gt;[path_var]&lt;/td&gt;
		&lt;td&gt;id&lt;/td&gt;
		&lt;td&gt;status code?&lt;/td&gt;
		&lt;td&gt;execution error message?&lt;/td&gt;
		&lt;td&gt;execution time?&lt;/td&gt;
	&lt;/tr&gt;
	&lt;tr class="slimRowColor1"&gt;
		&lt;td&gt;typicode &lt;span class="error"&gt;The instance dynamicDecisionTable_6.set. does not exist&lt;/span&gt;&lt;/td&gt;
		&lt;td&gt;users &lt;span class="error"&gt;The instance dynamicDecisionTable_6.set. does not exist&lt;/span&gt;&lt;/td&gt;
		&lt;td&gt;1 &lt;span class="error"&gt;The instance dynamicDecisionTable_6.set. does not exist&lt;/span&gt;&lt;/td&gt;
		&lt;td&gt;200 &lt;span class="error"&gt;The instance dynamicDecisionTable_6.get. does not exist&lt;/span&gt;&lt;/td&gt;
		&lt;td&gt; &lt;span class="error"&gt;The instance dynamicDecisionTable_6.get. does not exist&lt;/span&gt;&lt;/td&gt;
		&lt;td&gt;&amp;lt; 1000 &lt;span class="error"&gt;The instance dynamicDecisionTable_6.get. does not exist&lt;/span&gt;&lt;/td&gt;
	&lt;/tr&gt;
&lt;/table&gt;
&lt;i&gt;AND the name of the user is Leanne Graham&lt;/i&gt;&lt;br/&gt;&lt;i&gt;AND the city of the user is an alphanumeric string&lt;/i&gt;&lt;br/&gt;&lt;table&gt;
	&lt;tr class="slimRowTitle"&gt;
		&lt;td&gt;ddt: Data Result Parsing Fixture &lt;span class="error"&gt;Could not invoke constructor for DataResultParsingFixture[1]&lt;/span&gt;&lt;/td&gt;
		&lt;td&gt;$TEST_SESSION_ID&lt;/td&gt;
	&lt;/tr&gt;
	&lt;tr class="slimRowTitle"&gt;
		&lt;td&gt;$.[0].name?&lt;/td&gt;
		&lt;td&gt;$.[0].address.city?&lt;/td&gt;
	&lt;/tr&gt;
	&lt;tr class="slimRowColor1"&gt;
		&lt;td&gt;Leanne Graham &lt;span class="error"&gt;The instance dynamicDecisionTable_7.get. does not exist&lt;/span&gt;&lt;/td&gt;
		&lt;td&gt;=~/^[a-zA-Z]*$/ &lt;span class="error"&gt;The instance dynamicDecisionTable_7.get. does not exist&lt;/span&gt;&lt;/td&gt;
	&lt;/tr&gt;
&lt;/table&gt;
&lt;br/&gt;&lt;b&gt;4 - Post example&lt;/b&gt;&lt;br/&gt;&lt;table&gt;
	&lt;tr&gt;
		&lt;td&gt;Session Fixture &lt;span class="error"&gt;Could not invoke constructor for SessionFixture[1]&lt;/span&gt;&lt;/td&gt;
		&lt;td&gt;$TEST_SESSION_ID&lt;/td&gt;
	&lt;/tr&gt;
	&lt;tr&gt;
		&lt;td colspan="2"&gt;payload&lt;/td&gt;
	&lt;/tr&gt;
	&lt;tr&gt;
		&lt;td colspan="2"&gt;&lt;br/&gt;{&lt;br/&gt;    "id": 1,&lt;br/&gt;    "name": "Leanne Graham",&lt;br/&gt;    "username": "Bret",&lt;br/&gt;    "email": "Sincere@april.biz",&lt;br/&gt;    "address": {&lt;br/&gt;      "street": "Kulas Light",&lt;br/&gt;      "suite": "Apt. 556",&lt;br/&gt;      "city": "Gwenborough",&lt;br/&gt;      "zipcode": "92998-3874",&lt;br/&gt;      "geo": {&lt;br/&gt;        "lat": "-37.3159",&lt;br/&gt;        "lng": "81.1496"&lt;br/&gt;      }&lt;br/&gt;    },&lt;br/&gt;    "phone": "1-770-736-8031 x56442",&lt;br/&gt;    "website": "hildegard.org",&lt;br/&gt;    "company": {&lt;br/&gt;      "name": "Romaguera-Crona",&lt;br/&gt;      "catchPhrase": "Multi-layered client-server neural-net",&lt;br/&gt;      "bs": "harness real-time e-markets"&lt;br/&gt;    }&lt;br/&gt;  }&lt;br/&gt; &lt;span class="error"&gt;The instance decisionTable_8.setPayload. does not exist&lt;/span&gt;&lt;/td&gt;
	&lt;/tr&gt;
&lt;/table&gt;
&lt;br/&gt;&lt;table&gt;
	&lt;tr class="slimRowTitle"&gt;
		&lt;td&gt;ddt:API Fixture &lt;span class="error"&gt;Could not invoke constructor for APIFixture[4]&lt;/span&gt;&lt;/td&gt;
		&lt;td&gt;POST&lt;/td&gt;
		&lt;td&gt;jsonplaceholder.typicode.com&lt;/td&gt;
		&lt;td&gt;/users&lt;/td&gt;
		&lt;td colspan="2"&gt;$TEST_SESSION_ID&lt;/td&gt;
	&lt;/tr&gt;
	&lt;tr class="slimRowTitle"&gt;
		&lt;td&gt;$.id&lt;/td&gt;
		&lt;td&gt;$.name&lt;/td&gt;
		&lt;td&gt;$.address.city&lt;/td&gt;
		&lt;td&gt;status code?&lt;/td&gt;
		&lt;td&gt;$.name?&lt;/td&gt;
		&lt;td&gt;$.address.city?&lt;/td&gt;
	&lt;/tr&gt;
	&lt;tr class="slimRowColor1"&gt;
		&lt;td&gt;12 &lt;span class="error"&gt;The instance dynamicDecisionTable_9.set. does not exist&lt;/span&gt;&lt;/td&gt;
		&lt;td&gt;Jack the Ripper &lt;span class="error"&gt;The instance dynamicDecisionTable_9.set. does not exist&lt;/span&gt;&lt;/td&gt;
		&lt;td&gt;London &lt;span class="error"&gt;The instance dynamicDecisionTable_9.set. does not exist&lt;/span&gt;&lt;/td&gt;
		&lt;td&gt;201 &lt;span class="error"&gt;The instance dynamicDecisionTable_9.get. does not exist&lt;/span&gt;&lt;/td&gt;
		&lt;td&gt;Jack the Ripper &lt;span class="error"&gt;The instance dynamicDecisionTable_9.get. does not exist&lt;/span&gt;&lt;/td&gt;
		&lt;td&gt;London &lt;span class="error"&gt;The instance dynamicDecisionTable_9.get. does not exist&lt;/span&gt;&lt;/td&gt;
	&lt;/tr&gt;
	&lt;tr class="slimRowColor0"&gt;
		&lt;td&gt;13 &lt;span class="error"&gt;The instance dynamicDecisionTable_9.set. does not exist&lt;/span&gt;&lt;/td&gt;
		&lt;td&gt;Marilyn Manson &lt;span class="error"&gt;The instance dynamicDecisionTable_9.set. does not exist&lt;/span&gt;&lt;/td&gt;
		&lt;td&gt;Los Angeles &lt;span class="error"&gt;The instance dynamicDecisionTable_9.set. does not exist&lt;/span&gt;&lt;/td&gt;
		&lt;td&gt;201 &lt;span class="error"&gt;The instance dynamicDecisionTable_9.get. does not exist&lt;/span&gt;&lt;/td&gt;
		&lt;td&gt;Marilyn Manson &lt;span class="error"&gt;The instance dynamicDecisionTable_9.get. does not exist&lt;/span&gt;&lt;/td&gt;
		&lt;td&gt;Los Angeles &lt;span class="error"&gt;The instance dynamicDecisionTable_9.get. does not exist&lt;/span&gt;&lt;/td&gt;
	&lt;/tr&gt;
&lt;/table&gt;
</content>
    <relativePageName>ApiFitDemoPage</relativePageName>
            <instructions>
            <instructionResult>
        <instruction>{id='import_0_0', instruction='import', path='apifit.fixture'}</instruction>
        <slimResult>pass(apifit.fixture)</slimResult>
                <expectation>
                    <status>pass</status>
                    <instructionId>import_0_0</instructionId>
                    <col>0</col>
                              <row>1</row>
                    <type>ImportExpectation</type>
                                        <evaluationMessage>apifit.fixture</evaluationMessage>
                  </expectation>
              </instructionResult>
            <instructionResult>
        <instruction>{id='dynamicDecisionTable_1_0', instruction='make', instanceName='dynamicDecisionTable_1', className='PropertyConfigurationFixture', args=[]}</instruction>
        <slimResult></slimResult>
                <expectation>
                    <status>error</status>
                    <instructionId>dynamicDecisionTable_1_0</instructionId>
                              <type>ConstructionExpectation</type>
                                        <evaluationMessage>Could not invoke constructor for PropertyConfigurationFixture[0]</evaluationMessage>
                  </expectation>
              </instructionResult>
            <instructionResult>
        <instruction>{id='dynamicDecisionTable_1_4', instruction='call', instanceName='dynamicDecisionTable_1', methodName='set', args=[APIFIT:PROXY_HOST, proxy-sgt.si.socgen]}</instruction>
        <slimResult></slimResult>
                <expectation>
                    <status>error</status>
                    <instructionId>dynamicDecisionTable_1_4</instructionId>
                              <type>VoidReturnExpectation</type>
                                        <evaluationMessage>The instance dynamicDecisionTable_1.set. does not exist</evaluationMessage>
                  </expectation>
              </instructionResult>
            <instructionResult>
        <instruction>{id='dynamicDecisionTable_1_5', instruction='call', instanceName='dynamicDecisionTable_1', methodName='set', args=[APIFIT:PROXY_PORT, 8080]}</instruction>
        <slimResult></slimResult>
                <expectation>
                    <status>error</status>
                    <instructionId>dynamicDecisionTable_1_5</instructionId>
                              <type>VoidReturnExpectation</type>
                                        <evaluationMessage>The instance dynamicDecisionTable_1.set. does not exist</evaluationMessage>
                  </expectation>
              </instructionResult>
            <instructionResult>
        <instruction>{id='decisionTable_2_0', instruction='make', instanceName='decisionTable_2', className='SessionFixture', args=[]}</instruction>
        <slimResult></slimResult>
                <expectation>
                    <status>error</status>
                    <instructionId>decisionTable_2_0</instructionId>
                              <type>ConstructionExpectation</type>
                                        <evaluationMessage>Could not invoke constructor for SessionFixture[0]</evaluationMessage>
                  </expectation>
              </instructionResult>
            <instructionResult>
        <instruction>{id='decisionTable_2_5', instruction='call', instanceName='decisionTable_2', methodName='setUp', args=[]}</instruction>
        <slimResult></slimResult>
                <expectation>
                    <status>error</status>
                    <instructionId>decisionTable_2_5</instructionId>
                              <type>ReturnedValueExpectation</type>
                                        <evaluationMessage>The instance decisionTable_2.setUp. does not exist</evaluationMessage>
                  </expectation>
              </instructionResult>
            <instructionResult>
        <instruction>{id='decisionTable_2_6', instruction='callAndAssign', symbolName='TEST_SESSION_ID', instanceName='decisionTable_2', methodName='testSessionId', args=[]}</instruction>
        <slimResult></slimResult>
                <expectation>
                    <status>error</status>
                    <instructionId>decisionTable_2_6</instructionId>
                              <type>SymbolAssignmentExpectation</type>
                                        <evaluationMessage>The instance decisionTable_2.testSessionId. does not exist</evaluationMessage>
                  </expectation>
              </instructionResult>
            <instructionResult>
        <instruction>{id='decisionTable_3_0', instruction='make', instanceName='decisionTable_3', className='AuthentificationFixture', args=[$TEST_SESSION_ID]}</instruction>
        <slimResult></slimResult>
                <expectation>
                    <status>error</status>
                    <instructionId>decisionTable_3_0</instructionId>
                              <type>ConstructionExpectation</type>
                                        <evaluationMessage>Could not invoke constructor for AuthentificationFixture[1]</evaluationMessage>
                  </expectation>
              </instructionResult>
            <instructionResult>
        <instruction>{id='decisionTable_3_4', instruction='call', instanceName='decisionTable_3', methodName='setUser', args=[x131389]}</instruction>
        <slimResult></slimResult>
                <expectation>
                    <status>error</status>
                    <instructionId>decisionTable_3_4</instructionId>
                              <type>VoidReturnExpectation</type>
                                        <evaluationMessage>The instance decisionTable_3.setUser. does not exist</evaluationMessage>
                  </expectation>
              </instructionResult>
            <instructionResult>
        <instruction>{id='decisionTable_3_5', instruction='call', instanceName='decisionTable_3', methodName='setPassword', args=[Hendrix68!]}</instruction>
        <slimResult></slimResult>
                <expectation>
                    <status>error</status>
                    <instructionId>decisionTable_3_5</instructionId>
                              <type>VoidReturnExpectation</type>
                                        <evaluationMessage>The instance decisionTable_3.setPassword. does not exist</evaluationMessage>
                  </expectation>
              </instructionResult>
            <instructionResult>
        <instruction>{id='decisionTable_3_6', instruction='call', instanceName='decisionTable_3', methodName='setHost', args=[proxy-sgt.si.socgen]}</instruction>
        <slimResult></slimResult>
                <expectation>
                    <status>error</status>
                    <instructionId>decisionTable_3_6</instructionId>
                              <type>VoidReturnExpectation</type>
                                        <evaluationMessage>The instance decisionTable_3.setHost. does not exist</evaluationMessage>
                  </expectation>
              </instructionResult>
            <instructionResult>
        <instruction>{id='decisionTable_3_7', instruction='call', instanceName='decisionTable_3', methodName='setPort', args=[8080]}</instruction>
        <slimResult></slimResult>
                <expectation>
                    <status>error</status>
                    <instructionId>decisionTable_3_7</instructionId>
                              <type>VoidReturnExpectation</type>
                                        <evaluationMessage>The instance decisionTable_3.setPort. does not exist</evaluationMessage>
                  </expectation>
              </instructionResult>
            <instructionResult>
        <instruction>{id='dynamicDecisionTable_4_0', instruction='make', instanceName='dynamicDecisionTable_4', className='APIFixture', args=[GET, jsonplaceholder.typicode.com, /users, $TEST_SESSION_ID]}</instruction>
        <slimResult></slimResult>
                <expectation>
                    <status>error</status>
                    <instructionId>dynamicDecisionTable_4_0</instructionId>
                              <type>ConstructionExpectation</type>
                                        <evaluationMessage>Could not invoke constructor for APIFixture[4]</evaluationMessage>
                  </expectation>
              </instructionResult>
            <instructionResult>
        <instruction>{id='dynamicDecisionTable_4_5', instruction='call', instanceName='dynamicDecisionTable_4', methodName='get', args=[status code]}</instruction>
        <slimResult></slimResult>
                <expectation>
                    <status>error</status>
                    <instructionId>dynamicDecisionTable_4_5</instructionId>
                              <type>ReturnedValueExpectation</type>
                                        <evaluationMessage>The instance dynamicDecisionTable_4.get. does not exist</evaluationMessage>
                  </expectation>
              </instructionResult>
            <instructionResult>
        <instruction>{id='dynamicDecisionTable_4_6', instruction='call', instanceName='dynamicDecisionTable_4', methodName='get', args=[$.length()]}</instruction>
        <slimResult></slimResult>
                <expectation>
                    <status>error</status>
                    <instructionId>dynamicDecisionTable_4_6</instructionId>
                              <type>ReturnedValueExpectation</type>
                                        <evaluationMessage>The instance dynamicDecisionTable_4.get. does not exist</evaluationMessage>
                  </expectation>
              </instructionResult>
            <instructionResult>
        <instruction>{id='dynamicDecisionTable_4_7', instruction='call', instanceName='dynamicDecisionTable_4', methodName='get', args=[$.[0].name]}</instruction>
        <slimResult></slimResult>
                <expectation>
                    <status>error</status>
                    <instructionId>dynamicDecisionTable_4_7</instructionId>
                              <type>ReturnedValueExpectation</type>
                                        <evaluationMessage>The instance dynamicDecisionTable_4.get. does not exist</evaluationMessage>
                  </expectation>
              </instructionResult>
            <instructionResult>
        <instruction>{id='dynamicDecisionTable_4_8', instruction='call', instanceName='dynamicDecisionTable_4', methodName='get', args=[$.[1].address.street]}</instruction>
        <slimResult></slimResult>
                <expectation>
                    <status>error</status>
                    <instructionId>dynamicDecisionTable_4_8</instructionId>
                              <type>ReturnedValueExpectation</type>
                                        <evaluationMessage>The instance dynamicDecisionTable_4.get. does not exist</evaluationMessage>
                  </expectation>
              </instructionResult>
            <instructionResult>
        <instruction>{id='dynamicDecisionTable_4_9', instruction='call', instanceName='dynamicDecisionTable_4', methodName='get', args=[APIFIT:CONTAINS(innovative)]}</instruction>
        <slimResult></slimResult>
                <expectation>
                    <status>error</status>
                    <instructionId>dynamicDecisionTable_4_9</instructionId>
                              <type>ReturnedValueExpectation</type>
                                        <evaluationMessage>The instance dynamicDecisionTable_4.get. does not exist</evaluationMessage>
                  </expectation>
              </instructionResult>
            <instructionResult>
        <instruction>{id='dynamicDecisionTable_4_10', instruction='call', instanceName='dynamicDecisionTable_4', methodName='get', args=[APIFIT:COUNT(Trump)]}</instruction>
        <slimResult></slimResult>
                <expectation>
                    <status>error</status>
                    <instructionId>dynamicDecisionTable_4_10</instructionId>
                              <type>ReturnedValueExpectation</type>
                                        <evaluationMessage>The instance dynamicDecisionTable_4.get. does not exist</evaluationMessage>
                  </expectation>
              </instructionResult>
            <instructionResult>
        <instruction>{id='dynamicDecisionTable_5_0', instruction='make', instanceName='dynamicDecisionTable_5', className='APIFixture', args=[GET, jsonplaceholder.[host_var].com, /[path_var], $TEST_SESSION_ID]}</instruction>
        <slimResult></slimResult>
                <expectation>
                    <status>error</status>
                    <instructionId>dynamicDecisionTable_5_0</instructionId>
                              <type>ConstructionExpectation</type>
                                        <evaluationMessage>Could not invoke constructor for APIFixture[4]</evaluationMessage>
                  </expectation>
              </instructionResult>
            <instructionResult>
        <instruction>{id='dynamicDecisionTable_5_4', instruction='call', instanceName='dynamicDecisionTable_5', methodName='set', args=[[host_var], typicode]}</instruction>
        <slimResult></slimResult>
                <expectation>
                    <status>error</status>
                    <instructionId>dynamicDecisionTable_5_4</instructionId>
                              <type>VoidReturnExpectation</type>
                                        <evaluationMessage>The instance dynamicDecisionTable_5.set. does not exist</evaluationMessage>
                  </expectation>
              </instructionResult>
            <instructionResult>
        <instruction>{id='dynamicDecisionTable_5_5', instruction='call', instanceName='dynamicDecisionTable_5', methodName='set', args=[[path_var], users]}</instruction>
        <slimResult></slimResult>
                <expectation>
                    <status>error</status>
                    <instructionId>dynamicDecisionTable_5_5</instructionId>
                              <type>VoidReturnExpectation</type>
                                        <evaluationMessage>The instance dynamicDecisionTable_5.set. does not exist</evaluationMessage>
                  </expectation>
              </instructionResult>
            <instructionResult>
        <instruction>{id='dynamicDecisionTable_5_6', instruction='call', instanceName='dynamicDecisionTable_5', methodName='set', args=[id, 1]}</instruction>
        <slimResult></slimResult>
                <expectation>
                    <status>error</status>
                    <instructionId>dynamicDecisionTable_5_6</instructionId>
                              <type>VoidReturnExpectation</type>
                                        <evaluationMessage>The instance dynamicDecisionTable_5.set. does not exist</evaluationMessage>
                  </expectation>
              </instructionResult>
            <instructionResult>
        <instruction>{id='dynamicDecisionTable_5_8', instruction='call', instanceName='dynamicDecisionTable_5', methodName='get', args=[status code]}</instruction>
        <slimResult></slimResult>
                <expectation>
                    <status>error</status>
                    <instructionId>dynamicDecisionTable_5_8</instructionId>
                              <type>ReturnedValueExpectation</type>
                                        <evaluationMessage>The instance dynamicDecisionTable_5.get. does not exist</evaluationMessage>
                  </expectation>
              </instructionResult>
            <instructionResult>
        <instruction>{id='dynamicDecisionTable_5_9', instruction='call', instanceName='dynamicDecisionTable_5', methodName='get', args=[$.[0].name]}</instruction>
        <slimResult></slimResult>
                <expectation>
                    <status>error</status>
                    <instructionId>dynamicDecisionTable_5_9</instructionId>
                              <type>ReturnedValueExpectation</type>
                                        <evaluationMessage>The instance dynamicDecisionTable_5.get. does not exist</evaluationMessage>
                  </expectation>
              </instructionResult>
            <instructionResult>
        <instruction>{id='dynamicDecisionTable_5_11', instruction='call', instanceName='dynamicDecisionTable_5', methodName='set', args=[[host_var], typicode]}</instruction>
        <slimResult></slimResult>
                <expectation>
                    <status>error</status>
                    <instructionId>dynamicDecisionTable_5_11</instructionId>
                              <type>VoidReturnExpectation</type>
                                        <evaluationMessage>The instance dynamicDecisionTable_5.set. does not exist</evaluationMessage>
                  </expectation>
              </instructionResult>
            <instructionResult>
        <instruction>{id='dynamicDecisionTable_5_12', instruction='call', instanceName='dynamicDecisionTable_5', methodName='set', args=[[path_var], users]}</instruction>
        <slimResult></slimResult>
                <expectation>
                    <status>error</status>
                    <instructionId>dynamicDecisionTable_5_12</instructionId>
                              <type>VoidReturnExpectation</type>
                                        <evaluationMessage>The instance dynamicDecisionTable_5.set. does not exist</evaluationMessage>
                  </expectation>
              </instructionResult>
            <instructionResult>
        <instruction>{id='dynamicDecisionTable_5_13', instruction='call', instanceName='dynamicDecisionTable_5', methodName='set', args=[id, 2]}</instruction>
        <slimResult></slimResult>
                <expectation>
                    <status>error</status>
                    <instructionId>dynamicDecisionTable_5_13</instructionId>
                              <type>VoidReturnExpectation</type>
                                        <evaluationMessage>The instance dynamicDecisionTable_5.set. does not exist</evaluationMessage>
                  </expectation>
              </instructionResult>
            <instructionResult>
        <instruction>{id='dynamicDecisionTable_5_15', instruction='call', instanceName='dynamicDecisionTable_5', methodName='get', args=[status code]}</instruction>
        <slimResult></slimResult>
                <expectation>
                    <status>error</status>
                    <instructionId>dynamicDecisionTable_5_15</instructionId>
                              <type>ReturnedValueExpectation</type>
                                        <evaluationMessage>The instance dynamicDecisionTable_5.get. does not exist</evaluationMessage>
                  </expectation>
              </instructionResult>
            <instructionResult>
        <instruction>{id='dynamicDecisionTable_5_16', instruction='call', instanceName='dynamicDecisionTable_5', methodName='get', args=[$.[0].name]}</instruction>
        <slimResult></slimResult>
                <expectation>
                    <status>error</status>
                    <instructionId>dynamicDecisionTable_5_16</instructionId>
                              <type>ReturnedValueExpectation</type>
                                        <evaluationMessage>The instance dynamicDecisionTable_5.get. does not exist</evaluationMessage>
                  </expectation>
              </instructionResult>
            <instructionResult>
        <instruction>{id='dynamicDecisionTable_5_18', instruction='call', instanceName='dynamicDecisionTable_5', methodName='set', args=[[host_var], typicode]}</instruction>
        <slimResult></slimResult>
                <expectation>
                    <status>error</status>
                    <instructionId>dynamicDecisionTable_5_18</instructionId>
                              <type>VoidReturnExpectation</type>
                                        <evaluationMessage>The instance dynamicDecisionTable_5.set. does not exist</evaluationMessage>
                  </expectation>
              </instructionResult>
            <instructionResult>
        <instruction>{id='dynamicDecisionTable_5_19', instruction='call', instanceName='dynamicDecisionTable_5', methodName='set', args=[[path_var], users]}</instruction>
        <slimResult></slimResult>
                <expectation>
                    <status>error</status>
                    <instructionId>dynamicDecisionTable_5_19</instructionId>
                              <type>VoidReturnExpectation</type>
                                        <evaluationMessage>The instance dynamicDecisionTable_5.set. does not exist</evaluationMessage>
                  </expectation>
              </instructionResult>
            <instructionResult>
        <instruction>{id='dynamicDecisionTable_5_20', instruction='call', instanceName='dynamicDecisionTable_5', methodName='set', args=[id, 3]}</instruction>
        <slimResult></slimResult>
                <expectation>
                    <status>error</status>
                    <instructionId>dynamicDecisionTable_5_20</instructionId>
                              <type>VoidReturnExpectation</type>
                                        <evaluationMessage>The instance dynamicDecisionTable_5.set. does not exist</evaluationMessage>
                  </expectation>
              </instructionResult>
            <instructionResult>
        <instruction>{id='dynamicDecisionTable_5_22', instruction='call', instanceName='dynamicDecisionTable_5', methodName='get', args=[status code]}</instruction>
        <slimResult></slimResult>
                <expectation>
                    <status>error</status>
                    <instructionId>dynamicDecisionTable_5_22</instructionId>
                              <type>ReturnedValueExpectation</type>
                                        <evaluationMessage>The instance dynamicDecisionTable_5.get. does not exist</evaluationMessage>
                  </expectation>
              </instructionResult>
            <instructionResult>
        <instruction>{id='dynamicDecisionTable_5_23', instruction='call', instanceName='dynamicDecisionTable_5', methodName='get', args=[$.[0].name]}</instruction>
        <slimResult></slimResult>
                <expectation>
                    <status>error</status>
                    <instructionId>dynamicDecisionTable_5_23</instructionId>
                              <type>ReturnedValueExpectation</type>
                                        <evaluationMessage>The instance dynamicDecisionTable_5.get. does not exist</evaluationMessage>
                  </expectation>
              </instructionResult>
            <instructionResult>
        <instruction>{id='dynamicDecisionTable_6_0', instruction='make', instanceName='dynamicDecisionTable_6', className='APIFixture', args=[GET, jsonplaceholder.[host_var].com, /[path_var], $TEST_SESSION_ID]}</instruction>
        <slimResult></slimResult>
                <expectation>
                    <status>error</status>
                    <instructionId>dynamicDecisionTable_6_0</instructionId>
                              <type>ConstructionExpectation</type>
                                        <evaluationMessage>Could not invoke constructor for APIFixture[4]</evaluationMessage>
                  </expectation>
              </instructionResult>
            <instructionResult>
        <instruction>{id='dynamicDecisionTable_6_4', instruction='call', instanceName='dynamicDecisionTable_6', methodName='set', args=[[host_var], typicode]}</instruction>
        <slimResult></slimResult>
                <expectation>
                    <status>error</status>
                    <instructionId>dynamicDecisionTable_6_4</instructionId>
                              <type>VoidReturnExpectation</type>
                                        <evaluationMessage>The instance dynamicDecisionTable_6.set. does not exist</evaluationMessage>
                  </expectation>
              </instructionResult>
            <instructionResult>
        <instruction>{id='dynamicDecisionTable_6_5', instruction='call', instanceName='dynamicDecisionTable_6', methodName='set', args=[[path_var], users]}</instruction>
        <slimResult></slimResult>
                <expectation>
                    <status>error</status>
                    <instructionId>dynamicDecisionTable_6_5</instructionId>
                              <type>VoidReturnExpectation</type>
                                        <evaluationMessage>The instance dynamicDecisionTable_6.set. does not exist</evaluationMessage>
                  </expectation>
              </instructionResult>
            <instructionResult>
        <instruction>{id='dynamicDecisionTable_6_6', instruction='call', instanceName='dynamicDecisionTable_6', methodName='set', args=[id, 1]}</instruction>
        <slimResult></slimResult>
                <expectation>
                    <status>error</status>
                    <instructionId>dynamicDecisionTable_6_6</instructionId>
                              <type>VoidReturnExpectation</type>
                                        <evaluationMessage>The instance dynamicDecisionTable_6.set. does not exist</evaluationMessage>
                  </expectation>
              </instructionResult>
            <instructionResult>
        <instruction>{id='dynamicDecisionTable_6_8', instruction='call', instanceName='dynamicDecisionTable_6', methodName='get', args=[status code]}</instruction>
        <slimResult></slimResult>
                <expectation>
                    <status>error</status>
                    <instructionId>dynamicDecisionTable_6_8</instructionId>
                              <type>ReturnedValueExpectation</type>
                                        <evaluationMessage>The instance dynamicDecisionTable_6.get. does not exist</evaluationMessage>
                  </expectation>
              </instructionResult>
            <instructionResult>
        <instruction>{id='dynamicDecisionTable_6_9', instruction='call', instanceName='dynamicDecisionTable_6', methodName='get', args=[execution error message]}</instruction>
        <slimResult></slimResult>
                <expectation>
                    <status>error</status>
                    <instructionId>dynamicDecisionTable_6_9</instructionId>
                              <type>ReturnedValueExpectation</type>
                                        <evaluationMessage>The instance dynamicDecisionTable_6.get. does not exist</evaluationMessage>
                  </expectation>
              </instructionResult>
            <instructionResult>
        <instruction>{id='dynamicDecisionTable_6_10', instruction='call', instanceName='dynamicDecisionTable_6', methodName='get', args=[execution time]}</instruction>
        <slimResult></slimResult>
                <expectation>
                    <status>error</status>
                    <instructionId>dynamicDecisionTable_6_10</instructionId>
                              <type>ReturnedValueExpectation</type>
                                        <evaluationMessage>The instance dynamicDecisionTable_6.get. does not exist</evaluationMessage>
                  </expectation>
              </instructionResult>
            <instructionResult>
        <instruction>{id='dynamicDecisionTable_7_0', instruction='make', instanceName='dynamicDecisionTable_7', className='DataResultParsingFixture', args=[$TEST_SESSION_ID]}</instruction>
        <slimResult></slimResult>
                <expectation>
                    <status>error</status>
                    <instructionId>dynamicDecisionTable_7_0</instructionId>
                              <type>ConstructionExpectation</type>
                                        <evaluationMessage>Could not invoke constructor for DataResultParsingFixture[1]</evaluationMessage>
                  </expectation>
              </instructionResult>
            <instructionResult>
        <instruction>{id='dynamicDecisionTable_7_5', instruction='call', instanceName='dynamicDecisionTable_7', methodName='get', args=[$.[0].name]}</instruction>
        <slimResult></slimResult>
                <expectation>
                    <status>error</status>
                    <instructionId>dynamicDecisionTable_7_5</instructionId>
                              <type>ReturnedValueExpectation</type>
                                        <evaluationMessage>The instance dynamicDecisionTable_7.get. does not exist</evaluationMessage>
                  </expectation>
              </instructionResult>
            <instructionResult>
        <instruction>{id='dynamicDecisionTable_7_6', instruction='call', instanceName='dynamicDecisionTable_7', methodName='get', args=[$.[0].address.city]}</instruction>
        <slimResult></slimResult>
                <expectation>
                    <status>error</status>
                    <instructionId>dynamicDecisionTable_7_6</instructionId>
                              <type>ReturnedValueExpectation</type>
                                        <evaluationMessage>The instance dynamicDecisionTable_7.get. does not exist</evaluationMessage>
                  </expectation>
              </instructionResult>
            <instructionResult>
        <instruction>{id='decisionTable_8_0', instruction='make', instanceName='decisionTable_8', className='SessionFixture', args=[$TEST_SESSION_ID]}</instruction>
        <slimResult></slimResult>
                <expectation>
                    <status>error</status>
                    <instructionId>decisionTable_8_0</instructionId>
                              <type>ConstructionExpectation</type>
                                        <evaluationMessage>Could not invoke constructor for SessionFixture[1]</evaluationMessage>
                  </expectation>
              </instructionResult>
            <instructionResult>
        <instruction>{id='decisionTable_8_4', instruction='call', instanceName='decisionTable_8', methodName='setPayload', args=[&lt;br/&gt;{&lt;br/&gt;    "id": 1,&lt;br/&gt;    "name": "Leanne Graham",&lt;br/&gt;    "username": "Bret",&lt;br/&gt;    "email": "Sincere@april.biz",&lt;br/&gt;    "address": {&lt;br/&gt;      "street": "Kulas Light",&lt;br/&gt;      "suite": "Apt. 556",&lt;br/&gt;      "city": "Gwenborough",&lt;br/&gt;      "zipcode": "92998-3874",&lt;br/&gt;      "geo": {&lt;br/&gt;        "lat": "-37.3159",&lt;br/&gt;        "lng": "81.1496"&lt;br/&gt;      }&lt;br/&gt;    },&lt;br/&gt;    "phone": "1-770-736-8031 x56442",&lt;br/&gt;    "website": "hildegard.org",&lt;br/&gt;    "company": {&lt;br/&gt;      "name": "Romaguera-Crona",&lt;br/&gt;      "catchPhrase": "Multi-layered client-server neural-net",&lt;br/&gt;      "bs": "harness real-time e-markets"&lt;br/&gt;    }&lt;br/&gt;  }&lt;br/&gt;]}</instruction>
        <slimResult></slimResult>
                <expectation>
                    <status>error</status>
                    <instructionId>decisionTable_8_4</instructionId>
                              <type>VoidReturnExpectation</type>
                                        <evaluationMessage>The instance decisionTable_8.setPayload. does not exist</evaluationMessage>
                  </expectation>
              </instructionResult>
            <instructionResult>
        <instruction>{id='dynamicDecisionTable_9_0', instruction='make', instanceName='dynamicDecisionTable_9', className='APIFixture', args=[POST, jsonplaceholder.typicode.com, /users, $TEST_SESSION_ID]}</instruction>
        <slimResult></slimResult>
                <expectation>
                    <status>error</status>
                    <instructionId>dynamicDecisionTable_9_0</instructionId>
                              <type>ConstructionExpectation</type>
                                        <evaluationMessage>Could not invoke constructor for APIFixture[4]</evaluationMessage>
                  </expectation>
              </instructionResult>
            <instructionResult>
        <instruction>{id='dynamicDecisionTable_9_4', instruction='call', instanceName='dynamicDecisionTable_9', methodName='set', args=[$.id, 12]}</instruction>
        <slimResult></slimResult>
                <expectation>
                    <status>error</status>
                    <instructionId>dynamicDecisionTable_9_4</instructionId>
                              <type>VoidReturnExpectation</type>
                                        <evaluationMessage>The instance dynamicDecisionTable_9.set. does not exist</evaluationMessage>
                  </expectation>
              </instructionResult>
            <instructionResult>
        <instruction>{id='dynamicDecisionTable_9_5', instruction='call', instanceName='dynamicDecisionTable_9', methodName='set', args=[$.name, Jack the Ripper]}</instruction>
        <slimResult></slimResult>
                <expectation>
                    <status>error</status>
                    <instructionId>dynamicDecisionTable_9_5</instructionId>
                              <type>VoidReturnExpectation</type>
                                        <evaluationMessage>The instance dynamicDecisionTable_9.set. does not exist</evaluationMessage>
                  </expectation>
              </instructionResult>
            <instructionResult>
        <instruction>{id='dynamicDecisionTable_9_6', instruction='call', instanceName='dynamicDecisionTable_9', methodName='set', args=[$.address.city, London]}</instruction>
        <slimResult></slimResult>
                <expectation>
                    <status>error</status>
                    <instructionId>dynamicDecisionTable_9_6</instructionId>
                              <type>VoidReturnExpectation</type>
                                        <evaluationMessage>The instance dynamicDecisionTable_9.set. does not exist</evaluationMessage>
                  </expectation>
              </instructionResult>
            <instructionResult>
        <instruction>{id='dynamicDecisionTable_9_8', instruction='call', instanceName='dynamicDecisionTable_9', methodName='get', args=[status code]}</instruction>
        <slimResult></slimResult>
                <expectation>
                    <status>error</status>
                    <instructionId>dynamicDecisionTable_9_8</instructionId>
                              <type>ReturnedValueExpectation</type>
                                        <evaluationMessage>The instance dynamicDecisionTable_9.get. does not exist</evaluationMessage>
                  </expectation>
              </instructionResult>
            <instructionResult>
        <instruction>{id='dynamicDecisionTable_9_9', instruction='call', instanceName='dynamicDecisionTable_9', methodName='get', args=[$.name]}</instruction>
        <slimResult></slimResult>
                <expectation>
                    <status>error</status>
                    <instructionId>dynamicDecisionTable_9_9</instructionId>
                              <type>ReturnedValueExpectation</type>
                                        <evaluationMessage>The instance dynamicDecisionTable_9.get. does not exist</evaluationMessage>
                  </expectation>
              </instructionResult>
            <instructionResult>
        <instruction>{id='dynamicDecisionTable_9_10', instruction='call', instanceName='dynamicDecisionTable_9', methodName='get', args=[$.address.city]}</instruction>
        <slimResult></slimResult>
                <expectation>
                    <status>error</status>
                    <instructionId>dynamicDecisionTable_9_10</instructionId>
                              <type>ReturnedValueExpectation</type>
                                        <evaluationMessage>The instance dynamicDecisionTable_9.get. does not exist</evaluationMessage>
                  </expectation>
              </instructionResult>
            <instructionResult>
        <instruction>{id='dynamicDecisionTable_9_12', instruction='call', instanceName='dynamicDecisionTable_9', methodName='set', args=[$.id, 13]}</instruction>
        <slimResult></slimResult>
                <expectation>
                    <status>error</status>
                    <instructionId>dynamicDecisionTable_9_12</instructionId>
                              <type>VoidReturnExpectation</type>
                                        <evaluationMessage>The instance dynamicDecisionTable_9.set. does not exist</evaluationMessage>
                  </expectation>
              </instructionResult>
            <instructionResult>
        <instruction>{id='dynamicDecisionTable_9_13', instruction='call', instanceName='dynamicDecisionTable_9', methodName='set', args=[$.name, Marilyn Manson]}</instruction>
        <slimResult></slimResult>
                <expectation>
                    <status>error</status>
                    <instructionId>dynamicDecisionTable_9_13</instructionId>
                              <type>VoidReturnExpectation</type>
                                        <evaluationMessage>The instance dynamicDecisionTable_9.set. does not exist</evaluationMessage>
                  </expectation>
              </instructionResult>
            <instructionResult>
        <instruction>{id='dynamicDecisionTable_9_14', instruction='call', instanceName='dynamicDecisionTable_9', methodName='set', args=[$.address.city, Los Angeles]}</instruction>
        <slimResult></slimResult>
                <expectation>
                    <status>error</status>
                    <instructionId>dynamicDecisionTable_9_14</instructionId>
                              <type>VoidReturnExpectation</type>
                                        <evaluationMessage>The instance dynamicDecisionTable_9.set. does not exist</evaluationMessage>
                  </expectation>
              </instructionResult>
            <instructionResult>
        <instruction>{id='dynamicDecisionTable_9_16', instruction='call', instanceName='dynamicDecisionTable_9', methodName='get', args=[status code]}</instruction>
        <slimResult></slimResult>
                <expectation>
                    <status>error</status>
                    <instructionId>dynamicDecisionTable_9_16</instructionId>
                              <type>ReturnedValueExpectation</type>
                                        <evaluationMessage>The instance dynamicDecisionTable_9.get. does not exist</evaluationMessage>
                  </expectation>
              </instructionResult>
            <instructionResult>
        <instruction>{id='dynamicDecisionTable_9_17', instruction='call', instanceName='dynamicDecisionTable_9', methodName='get', args=[$.name]}</instruction>
        <slimResult></slimResult>
                <expectation>
                    <status>error</status>
                    <instructionId>dynamicDecisionTable_9_17</instructionId>
                              <type>ReturnedValueExpectation</type>
                                        <evaluationMessage>The instance dynamicDecisionTable_9.get. does not exist</evaluationMessage>
                  </expectation>
              </instructionResult>
            <instructionResult>
        <instruction>{id='dynamicDecisionTable_9_18', instruction='call', instanceName='dynamicDecisionTable_9', methodName='get', args=[$.address.city]}</instruction>
        <slimResult></slimResult>
                <expectation>
                    <status>error</status>
                    <instructionId>dynamicDecisionTable_9_18</instructionId>
                              <type>ReturnedValueExpectation</type>
                                        <evaluationMessage>The instance dynamicDecisionTable_9.get. does not exist</evaluationMessage>
                  </expectation>
              </instructionResult>
          </instructions>
      </result>
  <executionLog>
    <testSystem>slim:fitnesse.slim.SlimService</testSystem>
    <command>"C:\Program Files (x86)\Java\jdk1.8.0_121\bin\java" -cp C:\Users\x131389\fitnesse-standalone.jar;apifit/lib/*.jar fitnesse.slim.SlimService 1</command>
    <exitCode>0</exitCode>
    <stdOut></stdOut>
    <stdErr></stdErr>
  </executionLog>
  <finalCounts>
    <right>0</right>
    <wrong>0</wrong>
    <ignores>0</ignores>
    <exceptions>1</exceptions>
  </finalCounts>
  <totalRunTimeInMillis>429</totalRunTimeInMillis>
</testResults>

