<?xml version="1.0"?>
<testResults>
  <FitNesseVersion>v20161106</FitNesseVersion>
  <rootPath>ApiFitDemoPage</rootPath>
    <result>
    <counts>
      <right>0</right>
      <wrong>0</wrong>
      <ignores>0</ignores>
      <exceptions>9</exceptions>
    </counts>
    <date>2017-04-11T16:38:13+02:00</date>
    <runTimeInMillis>17</runTimeInMillis>
    <content>&lt;div class="collapsible closed"&gt;&lt;ul&gt;&lt;li&gt;&lt;a href='#' class='expandall'&gt;Expand&lt;/a&gt;&lt;/li&gt;&lt;li&gt;&lt;a href='#' class='collapseall'&gt;Collapse&lt;/a&gt;&lt;/li&gt;&lt;/ul&gt;
	&lt;p class="title"&gt;Included page: &lt;a href="SetUp"&gt;.SetUp&lt;/a&gt; &lt;a href="SetUp?edit&amp;amp;redirectToReferer=true&amp;amp;redirectAction=" class="edit"&gt;(edit)&lt;/a&gt;&lt;/p&gt;
	&lt;div&gt;&lt;table&gt;
	&lt;tr&gt;
		&lt;td class="error"&gt;import&lt;hr/&gt; &lt;span class="fit_label"&gt;Could not find fixture: import.&lt;/span&gt;&lt;/td&gt;
	&lt;/tr&gt;
	&lt;tr&gt;
		&lt;td&gt;apifit.fixture&lt;/td&gt;
	&lt;/tr&gt;
&lt;/table&gt;
&lt;br/&gt;&lt;span class="meta"&gt;variable defined: APIFIT_PROXY_HOST=proxy-sgt.si.socgen&lt;/span&gt;
&lt;br/&gt;&lt;span class="meta"&gt;variable defined: APIFIT_PROXY_PORT=8080&lt;/span&gt;
&lt;br/&gt;&lt;br/&gt;APITFIT Standard Configuration&lt;br/&gt;&lt;table&gt;
	&lt;tr&gt;
		&lt;td colspan="2" class="error"&gt;ddt:Property Configuration Fixture&lt;hr/&gt; &lt;span class="fit_label"&gt;Could not find fixture: DdtPropertyConfigurationFixture.&lt;/span&gt;&lt;/td&gt;
	&lt;/tr&gt;
	&lt;tr&gt;
		&lt;td&gt;APIFIT:PROXY_HOST&lt;/td&gt;
		&lt;td&gt;APIFIT:PROXY_PORT&lt;/td&gt;
	&lt;/tr&gt;
	&lt;tr&gt;
		&lt;td&gt;proxy-sgt.si.socgen&lt;/td&gt;
		&lt;td&gt;8080&lt;/td&gt;
	&lt;/tr&gt;
&lt;/table&gt;
&lt;/div&gt;
&lt;/div&gt;
&lt;br/&gt;&lt;h3&gt;Welcome to apifit demo ! Click Test to execute !&lt;/h3&gt;
To visualize the full log trace of the test scenario, go to Tools/Test history and click on Execution Log of the last test execution&lt;br/&gt;&lt;br/&gt;&lt;table&gt;
	&lt;tr&gt;
		&lt;td colspan="2" class="error"&gt;Session Fixture&lt;hr/&gt; &lt;span class="fit_label"&gt;Could not find fixture: SessionFixture.&lt;/span&gt;&lt;/td&gt;
	&lt;/tr&gt;
	&lt;tr&gt;
		&lt;td&gt;set up?&lt;/td&gt;
		&lt;td&gt;test session id?&lt;/td&gt;
	&lt;/tr&gt;
	&lt;tr&gt;
		&lt;td&gt;OK&lt;/td&gt;
		&lt;td&gt;$TEST_SESSION_ID=&lt;/td&gt;
	&lt;/tr&gt;
&lt;/table&gt;
&lt;br/&gt;&lt;b&gt;1 - simple API test example&lt;/b&gt;&lt;br/&gt;&lt;table&gt;
	&lt;tr&gt;
		&lt;td class="error"&gt;ddt:API Fixture&lt;hr/&gt; &lt;span class="fit_label"&gt;Could not find fixture: DdtAPIFixture.&lt;/span&gt;&lt;/td&gt;
		&lt;td&gt;GET&lt;/td&gt;
		&lt;td&gt;jsonplaceholder.typicode.com&lt;/td&gt;
		&lt;td colspan="3"&gt;/users&lt;/td&gt;
	&lt;/tr&gt;
	&lt;tr&gt;
		&lt;td&gt;status code?&lt;/td&gt;
		&lt;td&gt;$.length()?&lt;/td&gt;
		&lt;td&gt;$.[0].name?&lt;/td&gt;
		&lt;td&gt;$.[1].address.street?&lt;/td&gt;
		&lt;td&gt;APIFIT:CONTAINS(innovative)?&lt;/td&gt;
		&lt;td&gt;APIFIT:COUNT(Trump)?&lt;/td&gt;
	&lt;/tr&gt;
	&lt;tr&gt;
		&lt;td&gt;200&lt;/td&gt;
		&lt;td&gt;10&lt;/td&gt;
		&lt;td&gt;Leanne Graham&lt;/td&gt;
		&lt;td&gt;Victor Plains&lt;/td&gt;
		&lt;td&gt;TRUE&lt;/td&gt;
		&lt;td&gt;0&lt;/td&gt;
	&lt;/tr&gt;
&lt;/table&gt;
&lt;br/&gt;&lt;br/&gt;&lt;b&gt;2 - Data Driven example&lt;/b&gt;&lt;br/&gt;&lt;span class="meta"&gt;variable defined: API_HOST=jsonplaceholder.[host_var].com&lt;/span&gt;
&lt;br/&gt;&lt;span class="meta"&gt;variable defined: API_PATH=/[path_var]&lt;/span&gt;
&lt;br/&gt;&lt;br/&gt;&lt;table&gt;
	&lt;tr&gt;
		&lt;td class="error"&gt;ddt:API Fixture&lt;hr/&gt; &lt;span class="fit_label"&gt;Could not find fixture: DdtAPIFixture.&lt;/span&gt;&lt;/td&gt;
		&lt;td&gt;GET&lt;/td&gt;
		&lt;td&gt;jsonplaceholder.[host_var].com&lt;/td&gt;
		&lt;td colspan="2"&gt;/[path_var]&lt;/td&gt;
	&lt;/tr&gt;
	&lt;tr&gt;
		&lt;td&gt;[host_var]&lt;/td&gt;
		&lt;td&gt;[path_var]&lt;/td&gt;
		&lt;td&gt;id&lt;/td&gt;
		&lt;td&gt;status code?&lt;/td&gt;
		&lt;td&gt;$.[0].name?&lt;/td&gt;
	&lt;/tr&gt;
	&lt;tr&gt;
		&lt;td&gt;typicode&lt;/td&gt;
		&lt;td&gt;users&lt;/td&gt;
		&lt;td&gt;1&lt;/td&gt;
		&lt;td&gt;200&lt;/td&gt;
		&lt;td&gt;Leanne Graham&lt;/td&gt;
	&lt;/tr&gt;
	&lt;tr&gt;
		&lt;td&gt;typicode&lt;/td&gt;
		&lt;td&gt;users&lt;/td&gt;
		&lt;td&gt;2&lt;/td&gt;
		&lt;td&gt;200&lt;/td&gt;
		&lt;td&gt;Ervin Howell&lt;/td&gt;
	&lt;/tr&gt;
	&lt;tr&gt;
		&lt;td&gt;typicode&lt;/td&gt;
		&lt;td&gt;users&lt;/td&gt;
		&lt;td&gt;3&lt;/td&gt;
		&lt;td&gt;200&lt;/td&gt;
		&lt;td&gt;Clementine Bauch&lt;/td&gt;
	&lt;/tr&gt;
&lt;/table&gt;
&lt;br/&gt;&lt;b&gt;3 - Behavior Driven Development example&lt;/b&gt;&lt;br/&gt;&lt;i&gt;GIVEN I am authentified&lt;/i&gt;&lt;br/&gt;&lt;i&gt;WHEN I ask for the description of user number 1&lt;/i&gt;&lt;br/&gt;&lt;i&gt;THEN the response time is less than 1 second&lt;/i&gt;&lt;br/&gt;&lt;table&gt;
	&lt;tr&gt;
		&lt;td class="error"&gt;ddt:API Fixture&lt;hr/&gt; &lt;span class="fit_label"&gt;Could not find fixture: DdtAPIFixture.&lt;/span&gt;&lt;/td&gt;
		&lt;td&gt;GET&lt;/td&gt;
		&lt;td&gt;jsonplaceholder.[host_var].com&lt;/td&gt;
		&lt;td&gt;/[path_var]&lt;/td&gt;
		&lt;td colspan="2"&gt;$TEST_SESSION_ID&lt;/td&gt;
	&lt;/tr&gt;
	&lt;tr&gt;
		&lt;td&gt;[host_var]&lt;/td&gt;
		&lt;td&gt;[path_var]&lt;/td&gt;
		&lt;td&gt;id&lt;/td&gt;
		&lt;td&gt;status code?&lt;/td&gt;
		&lt;td&gt;execution error message?&lt;/td&gt;
		&lt;td&gt;execution time?&lt;/td&gt;
	&lt;/tr&gt;
	&lt;tr&gt;
		&lt;td&gt;typicode&lt;/td&gt;
		&lt;td&gt;users&lt;/td&gt;
		&lt;td&gt;1&lt;/td&gt;
		&lt;td&gt;200&lt;/td&gt;
		&lt;td&gt;&lt;/td&gt;
		&lt;td&gt;&amp;lt; 1000&lt;/td&gt;
	&lt;/tr&gt;
&lt;/table&gt;
&lt;i&gt;AND the name of the user is Leanne Graham&lt;/i&gt;&lt;br/&gt;&lt;i&gt;AND the city of the user is an alphanumeric string&lt;/i&gt;&lt;br/&gt;&lt;table&gt;
	&lt;tr&gt;
		&lt;td class="error"&gt;ddt: Data Result Parsing Fixture&lt;hr/&gt; &lt;span class="fit_label"&gt;Could not find fixture: DdtDataResultParsingFixture.&lt;/span&gt;&lt;/td&gt;
		&lt;td&gt;$TEST_SESSION_ID&lt;/td&gt;
	&lt;/tr&gt;
	&lt;tr&gt;
		&lt;td&gt;$.[0].name?&lt;/td&gt;
		&lt;td&gt;$.[0].address.city?&lt;/td&gt;
	&lt;/tr&gt;
	&lt;tr&gt;
		&lt;td&gt;Leanne Graham&lt;/td&gt;
		&lt;td&gt;=~/^[a-zA-Z]*$/&lt;/td&gt;
	&lt;/tr&gt;
&lt;/table&gt;
&lt;br/&gt;&lt;b&gt;4 - Post example&lt;/b&gt;&lt;br/&gt;&lt;br/&gt;&lt;span class="meta"&gt;variable defined: PAYLOAD=
!-{-!
    "id": 1,
    "name": "Leanne Graham",
    "username": "Bret",
    "email": "Sincere@april.biz",
    "address": !-{-!
      "street": "Kulas Light",
      "suite": "Apt. 556",
      "city": "Gwenborough",
      "zipcode": "92998-3874",
      "geo": !-{-!
        "lat": "-37.3159",
        "lng": "81.1496"
      !-}-!
    !-}-!,
    "phone": "1-770-736-8031 x56442",
    "website": "hildegard.org",
    "company": !-{-!
      "name": "Romaguera-Crona",
      "catchPhrase": "Multi-layered client-server neural-net",
      "bs": "harness real-time e-markets"
    !-}-!
  !-}-!
&lt;/span&gt;
&lt;br/&gt;&lt;br/&gt;&lt;table&gt;
	&lt;tr&gt;
		&lt;td class="error"&gt;Session Fixture&lt;hr/&gt; &lt;span class="fit_label"&gt;Could not find fixture: SessionFixture.&lt;/span&gt;&lt;/td&gt;
		&lt;td&gt;$TEST_SESSION_ID&lt;/td&gt;
	&lt;/tr&gt;
	&lt;tr&gt;
		&lt;td colspan="2"&gt;payload&lt;/td&gt;
	&lt;/tr&gt;
	&lt;tr&gt;
		&lt;td colspan="2"&gt;&lt;br/&gt;{&lt;br/&gt;    "id": 1,&lt;br/&gt;    "name": "Leanne Graham",&lt;br/&gt;    "username": "Bret",&lt;br/&gt;    "email": "Sincere@april.biz",&lt;br/&gt;    "address": {&lt;br/&gt;      "street": "Kulas Light",&lt;br/&gt;      "suite": "Apt. 556",&lt;br/&gt;      "city": "Gwenborough",&lt;br/&gt;      "zipcode": "92998-3874",&lt;br/&gt;      "geo": {&lt;br/&gt;        "lat": "-37.3159",&lt;br/&gt;        "lng": "81.1496"&lt;br/&gt;      }&lt;br/&gt;    },&lt;br/&gt;    "phone": "1-770-736-8031 x56442",&lt;br/&gt;    "website": "hildegard.org",&lt;br/&gt;    "company": {&lt;br/&gt;      "name": "Romaguera-Crona",&lt;br/&gt;      "catchPhrase": "Multi-layered client-server neural-net",&lt;br/&gt;      "bs": "harness real-time e-markets"&lt;br/&gt;    }&lt;br/&gt;  }&lt;br/&gt;&lt;/td&gt;
	&lt;/tr&gt;
&lt;/table&gt;
&lt;br/&gt;&lt;table&gt;
	&lt;tr&gt;
		&lt;td class="error"&gt;ddt:API Fixture&lt;hr/&gt; &lt;span class="fit_label"&gt;Could not find fixture: DdtAPIFixture.&lt;/span&gt;&lt;/td&gt;
		&lt;td&gt;POST&lt;/td&gt;
		&lt;td&gt;jsonplaceholder.typicode.com&lt;/td&gt;
		&lt;td&gt;/users&lt;/td&gt;
		&lt;td colspan="2"&gt;$TEST_SESSION_ID&lt;/td&gt;
	&lt;/tr&gt;
	&lt;tr&gt;
		&lt;td&gt;$.id&lt;/td&gt;
		&lt;td&gt;$.name&lt;/td&gt;
		&lt;td&gt;$.address.city&lt;/td&gt;
		&lt;td&gt;status code?&lt;/td&gt;
		&lt;td&gt;$.name?&lt;/td&gt;
		&lt;td&gt;$.address.city?&lt;/td&gt;
	&lt;/tr&gt;
	&lt;tr&gt;
		&lt;td&gt;12&lt;/td&gt;
		&lt;td&gt;Jack the Ripper&lt;/td&gt;
		&lt;td&gt;London&lt;/td&gt;
		&lt;td&gt;201&lt;/td&gt;
		&lt;td&gt;Jack the Ripper&lt;/td&gt;
		&lt;td&gt;London&lt;/td&gt;
	&lt;/tr&gt;
	&lt;tr&gt;
		&lt;td&gt;13&lt;/td&gt;
		&lt;td&gt;Marilyn Manson&lt;/td&gt;
		&lt;td&gt;Los Angeles&lt;/td&gt;
		&lt;td&gt;201&lt;/td&gt;
		&lt;td&gt;Marilyn Manson&lt;/td&gt;
		&lt;td&gt;Los Angeles&lt;/td&gt;
	&lt;/tr&gt;
&lt;/table&gt;
</content>
    <relativePageName>ApiFitDemoPage</relativePageName>
          </result>
  <executionLog>
    <testSystem>fit:fit.FitServer</testSystem>
    <command>"C:\Program Files (x86)\Java\jdk1.8.0_121\bin\java" -cp C:\Users\x131389\fitnesse-standalone.jar;C:\Users\x131389\FitNesseRoot\apifit\lib\accessors-smart-1.1.jar;C:\Users\x131389\FitNesseRoot\apifit\lib\activation-1.1.jar;C:\Users\x131389\FitNesseRoot\apifit\lib\apifit-0.0.1-SNAPSHOT.jar;C:\Users\x131389\FitNesseRoot\apifit\lib\asm-5.0.3.jar;C:\Users\x131389\FitNesseRoot\apifit\lib\btf-1.2.jar;C:\Users\x131389\FitNesseRoot\apifit\lib\commons-beanutils-1.9.2.jar;C:\Users\x131389\FitNesseRoot\apifit\lib\commons-codec-1.9.jar;C:\Users\x131389\FitNesseRoot\apifit\lib\commons-collections-3.2.1.jar;C:\Users\x131389\FitNesseRoot\apifit\lib\commons-configuration2-2.0.jar;C:\Users\x131389\FitNesseRoot\apifit\lib\commons-io-2.4.jar;C:\Users\x131389\FitNesseRoot\apifit\lib\commons-lang3-3.4.jar;C:\Users\x131389\FitNesseRoot\apifit\lib\commons-logging-1.2.jar;C:\Users\x131389\FitNesseRoot\apifit\lib\groovy-2.4.4.jar;C:\Users\x131389\FitNesseRoot\apifit\lib\groovy-json-2.4.4.jar;C:\Users\x131389\FitNesseRoot\apifit\lib\groovy-xml-2.4.4.jar;C:\Users\x131389\FitNesseRoot\apifit\lib\guava-19.0.jar;C:\Users\x131389\FitNesseRoot\apifit\lib\hamcrest-core-1.3.jar;C:\Users\x131389\FitNesseRoot\apifit\lib\hamcrest-library-1.3.jar;C:\Users\x131389\FitNesseRoot\apifit\lib\httpclient-4.5.2.jar;C:\Users\x131389\FitNesseRoot\apifit\lib\httpcore-4.4.4.jar;C:\Users\x131389\FitNesseRoot\apifit\lib\jackson-annotations-2.6.0.jar;C:\Users\x131389\FitNesseRoot\apifit\lib\jackson-core-2.6.3.jar;C:\Users\x131389\FitNesseRoot\apifit\lib\jackson-coreutils-1.8.jar;C:\Users\x131389\FitNesseRoot\apifit\lib\jackson-databind-2.6.3.jar;C:\Users\x131389\FitNesseRoot\apifit\lib\joda-time-2.3.jar;C:\Users\x131389\FitNesseRoot\apifit\lib\jopt-simple-4.6.jar;C:\Users\x131389\FitNesseRoot\apifit\lib\json-path-2.2.0.jar;C:\Users\x131389\FitNesseRoot\apifit\lib\json-path-2.9.0.jar;C:\Users\x131389\FitNesseRoot\apifit\lib\json-schema-core-1.2.5.jar;C:\Users\x131389\FitNesseRoot\apifit\lib\json-schema-validator-2.2.6.jar;C:\Users\x131389\FitNesseRoot\apifit\lib\json-smart-2.2.1.jar;C:\Users\x131389\FitNesseRoot\apifit\lib\jsr305-3.0.0.jar;C:\Users\x131389\FitNesseRoot\apifit\lib\junit-4.12.jar;C:\Users\x131389\FitNesseRoot\apifit\lib\libphonenumber-6.2.jar;C:\Users\x131389\FitNesseRoot\apifit\lib\log4j-1.2.17.jar;C:\Users\x131389\FitNesseRoot\apifit\lib\mailapi-1.4.3.jar;C:\Users\x131389\FitNesseRoot\apifit\lib\msg-simple-1.1.jar;C:\Users\x131389\FitNesseRoot\apifit\lib\rest-assured-common-2.9.0.jar;C:\Users\x131389\FitNesseRoot\apifit\lib\rhino-1.7R4.jar;C:\Users\x131389\FitNesseRoot\apifit\lib\slf4j-api-1.7.5.jar;C:\Users\x131389\FitNesseRoot\apifit\lib\slf4j-log4j12-1.7.5.jar;C:\Users\x131389\FitNesseRoot\apifit\lib\tagsoup-1.2.1.jar;C:\Users\x131389\FitNesseRoot\apifit\lib\uri-template-0.9.jar;C:\Users\x131389\FitNesseRoot\apifit\lib\xml-path-2.9.0.jar fit.FitServer FR07108348L 64490 3863</command>
    <exitCode>9</exitCode>
    <stdOut></stdOut>
    <stdErr></stdErr>
  </executionLog>
  <finalCounts>
    <right>0</right>
    <wrong>0</wrong>
    <ignores>0</ignores>
    <exceptions>1</exceptions>
  </finalCounts>
  <totalRunTimeInMillis>380</totalRunTimeInMillis>
</testResults>

