<?xml version="1.0"?>
<testResults>
  <FitNesseVersion>v20161106</FitNesseVersion>
  <rootPath>ApiFitDemoPage</rootPath>
    <result>
    <counts>
      <right>24</right>
      <wrong>0</wrong>
      <ignores>0</ignores>
      <exceptions>0</exceptions>
    </counts>
    <date>2017-04-28T11:50:29+02:00</date>
    <runTimeInMillis>2756</runTimeInMillis>
    <content>&lt;div class="collapsible closed"&gt;&lt;ul&gt;&lt;li&gt;&lt;a href='#' class='expandall'&gt;Expand&lt;/a&gt;&lt;/li&gt;&lt;li&gt;&lt;a href='#' class='collapseall'&gt;Collapse&lt;/a&gt;&lt;/li&gt;&lt;/ul&gt;
	&lt;p class="title"&gt;Included page: &lt;a href="ApiFitDemoPage.SetUp"&gt;.ApiFitDemoPage.SetUp&lt;/a&gt; &lt;a href="ApiFitDemoPage.SetUp?edit&amp;amp;redirectToReferer=true&amp;amp;redirectAction=" class="edit"&gt;(edit)&lt;/a&gt;&lt;/p&gt;
	&lt;div&gt;&lt;table&gt;
	&lt;tr class="slimRowTitle"&gt;
		&lt;td&gt;import&lt;/td&gt;
	&lt;/tr&gt;
	&lt;tr class="slimRowColor0"&gt;
		&lt;td&gt;&lt;span class="pass"&gt;apifit.fixture&lt;/span&gt;&lt;/td&gt;
	&lt;/tr&gt;
&lt;/table&gt;
&lt;br/&gt;&lt;span class="meta"&gt;variable defined: APIFIT_PROXY_HOST=proxy-sgt.si.socgen&lt;/span&gt;
&lt;br/&gt;&lt;span class="meta"&gt;variable defined: APIFIT_PROXY_PORT=8080&lt;/span&gt;
&lt;br/&gt;&lt;span class="meta"&gt;variable defined: APIFIT_PROXY_USER=x131389&lt;/span&gt;
&lt;br/&gt;&lt;span class="meta"&gt;variable defined: APIFIT_PROXY_PASSWD=Hendrix68!&lt;/span&gt;
&lt;br/&gt;&lt;br/&gt;APITFIT Standard Configuration&lt;br/&gt;&lt;table&gt;
	&lt;tr class="slimRowTitle"&gt;
		&lt;td colspan="2"&gt;&lt;span class="pass"&gt;ddt:Property Configuration Fixture&lt;/span&gt;&lt;/td&gt;
	&lt;/tr&gt;
	&lt;tr class="slimRowTitle"&gt;
		&lt;td&gt;APIFIT:PROXY_HOST&lt;/td&gt;
		&lt;td&gt;APIFIT:PROXY_PORT&lt;/td&gt;
	&lt;/tr&gt;
	&lt;tr class="slimRowColor1"&gt;
		&lt;td&gt;proxy-sgt.si.socgen&lt;/td&gt;
		&lt;td&gt;8080&lt;/td&gt;
	&lt;/tr&gt;
&lt;/table&gt;
&lt;br/&gt;&lt;table&gt;
	&lt;tr&gt;
		&lt;td colspan="2"&gt;&lt;span class="pass"&gt;Session Fixture&lt;/span&gt;&lt;/td&gt;
	&lt;/tr&gt;
	&lt;tr&gt;
		&lt;td&gt;set up?&lt;/td&gt;
		&lt;td&gt;test session id?&lt;/td&gt;
	&lt;/tr&gt;
	&lt;tr&gt;
		&lt;td&gt;&lt;span class="pass"&gt;OK&lt;/span&gt;&lt;/td&gt;
		&lt;td&gt;$TEST_SESSION_ID&amp;lt;-[9002330f-6360-456c-b710-b4acd49f8f11]&lt;/td&gt;
	&lt;/tr&gt;
&lt;/table&gt;
&lt;br/&gt;&lt;table&gt;
	&lt;tr&gt;
		&lt;td&gt;&lt;span class="pass"&gt;Authentification Fixture&lt;/span&gt;&lt;/td&gt;
		&lt;td colspan="3"&gt;$TEST_SESSION_ID&lt;/td&gt;
	&lt;/tr&gt;
	&lt;tr&gt;
		&lt;td&gt;user&lt;/td&gt;
		&lt;td&gt;password&lt;/td&gt;
		&lt;td&gt;host&lt;/td&gt;
		&lt;td&gt;port&lt;/td&gt;
	&lt;/tr&gt;
	&lt;tr&gt;
		&lt;td&gt;x131389&lt;/td&gt;
		&lt;td&gt;Hendrix68!&lt;/td&gt;
		&lt;td&gt;proxy-sgt.si.socgen&lt;/td&gt;
		&lt;td&gt;8080&lt;/td&gt;
	&lt;/tr&gt;
&lt;/table&gt;
&lt;br/&gt;&lt;span class="meta"&gt;variable defined: API_HOST=jsonplaceholder.[host_var].com&lt;/span&gt;
&lt;br/&gt;&lt;span class="meta"&gt;variable defined: API_PATH=/[path_var]&lt;/span&gt;
&lt;br/&gt;&lt;span class="meta"&gt;variable defined: PAYLOAD=
!-{-!
    "id": 1,
    "name": "Leanne Graham",
    "username": "Bret",
    "email": "Sincere@april.biz",
    "address": !-{-!
      "street": "Kulas Light",
      "suite": "Apt. 556",
      "city": "Gwenborough",
      "zipcode": "92998-3874",
      "geo": !-{-!
        "lat": "-37.3159",
        "lng": "81.1496"
      !-}-!
    !-}-!,
    "phone": "1-770-736-8031 x56442",
    "website": "hildegard.org",
    "company": !-{-!
      "name": "Romaguera-Crona",
      "catchPhrase": "Multi-layered client-server neural-net",
      "bs": "harness real-time e-markets"
    !-}-!
  !-}-!
&lt;/span&gt;
&lt;/div&gt;
&lt;/div&gt;
&lt;br/&gt;&lt;h3&gt;Welcome to apifit demo ! Click Test to execute !&lt;/h3&gt;
&lt;br/&gt;&lt;b&gt;1 - simple API test example&lt;/b&gt;&lt;br/&gt;&lt;table&gt;
	&lt;tr class="slimRowTitle"&gt;
		&lt;td&gt;&lt;span class="pass"&gt;ddt:API Fixture&lt;/span&gt;&lt;/td&gt;
		&lt;td&gt;GET&lt;/td&gt;
		&lt;td&gt;jsonplaceholder.typicode.com&lt;/td&gt;
		&lt;td&gt;/users&lt;/td&gt;
		&lt;td colspan="2"&gt;$TEST_SESSION_ID&lt;/td&gt;
	&lt;/tr&gt;
	&lt;tr class="slimRowTitle"&gt;
		&lt;td&gt;status code?&lt;/td&gt;
		&lt;td&gt;$.length()?&lt;/td&gt;
		&lt;td&gt;$.[0].name?&lt;/td&gt;
		&lt;td&gt;$.[1].address.street?&lt;/td&gt;
		&lt;td&gt;APIFIT:CONTAINS(innovative)?&lt;/td&gt;
		&lt;td&gt;APIFIT:COUNT(Trump)?&lt;/td&gt;
	&lt;/tr&gt;
	&lt;tr class="slimRowColor1"&gt;
		&lt;td&gt;&lt;span class="pass"&gt;200&lt;/span&gt;&lt;/td&gt;
		&lt;td&gt;&lt;span class="pass"&gt;10&lt;/span&gt;&lt;/td&gt;
		&lt;td&gt;&lt;span class="pass"&gt;Leanne Graham&lt;/span&gt;&lt;/td&gt;
		&lt;td&gt;&lt;span class="pass"&gt;Victor Plains&lt;/span&gt;&lt;/td&gt;
		&lt;td&gt;&lt;span class="pass"&gt;TRUE&lt;/span&gt;&lt;/td&gt;
		&lt;td&gt;&lt;span class="pass"&gt;0&lt;/span&gt;&lt;/td&gt;
	&lt;/tr&gt;
&lt;/table&gt;
&lt;br/&gt;&lt;b&gt;2 - Data Driven example&lt;/b&gt;&lt;br/&gt;&lt;table&gt;
	&lt;tr class="slimRowTitle"&gt;
		&lt;td&gt;&lt;span class="pass"&gt;ddt:API Fixture&lt;/span&gt;&lt;/td&gt;
		&lt;td&gt;GET&lt;/td&gt;
		&lt;td&gt;jsonplaceholder.[host_var].com&lt;/td&gt;
		&lt;td&gt;/[path_var]&lt;/td&gt;
		&lt;td&gt;$TEST_SESSION_ID&lt;/td&gt;
	&lt;/tr&gt;
	&lt;tr class="slimRowTitle"&gt;
		&lt;td&gt;[host_var]&lt;/td&gt;
		&lt;td&gt;[path_var]&lt;/td&gt;
		&lt;td&gt;id&lt;/td&gt;
		&lt;td&gt;status code?&lt;/td&gt;
		&lt;td&gt;$.[0].name?&lt;/td&gt;
	&lt;/tr&gt;
	&lt;tr class="slimRowColor1"&gt;
		&lt;td&gt;typicode&lt;/td&gt;
		&lt;td&gt;users&lt;/td&gt;
		&lt;td&gt;1&lt;/td&gt;
		&lt;td&gt;&lt;span class="pass"&gt;200&lt;/span&gt;&lt;/td&gt;
		&lt;td&gt;&lt;span class="pass"&gt;Leanne Graham&lt;/span&gt;&lt;/td&gt;
	&lt;/tr&gt;
	&lt;tr class="slimRowColor0"&gt;
		&lt;td&gt;typicode&lt;/td&gt;
		&lt;td&gt;users&lt;/td&gt;
		&lt;td&gt;2&lt;/td&gt;
		&lt;td&gt;&lt;span class="pass"&gt;200&lt;/span&gt;&lt;/td&gt;
		&lt;td&gt;&lt;span class="pass"&gt;Ervin Howell&lt;/span&gt;&lt;/td&gt;
	&lt;/tr&gt;
	&lt;tr class="slimRowColor1"&gt;
		&lt;td&gt;typicode&lt;/td&gt;
		&lt;td&gt;users&lt;/td&gt;
		&lt;td&gt;3&lt;/td&gt;
		&lt;td&gt;&lt;span class="pass"&gt;200&lt;/span&gt;&lt;/td&gt;
		&lt;td&gt;&lt;span class="pass"&gt;Clementine Bauch&lt;/span&gt;&lt;/td&gt;
	&lt;/tr&gt;
&lt;/table&gt;
&lt;br/&gt;&lt;b&gt;3 - Behavior Driven Development example&lt;/b&gt;&lt;br/&gt;&lt;i&gt;GIVEN I am authentified&lt;/i&gt;&lt;br/&gt;&lt;i&gt;WHEN I ask for the description of user number 1&lt;/i&gt;&lt;br/&gt;&lt;i&gt;THEN the response time is less than 1 second&lt;/i&gt;&lt;br/&gt;&lt;table&gt;
	&lt;tr class="slimRowTitle"&gt;
		&lt;td&gt;&lt;span class="pass"&gt;ddt:API Fixture&lt;/span&gt;&lt;/td&gt;
		&lt;td&gt;GET&lt;/td&gt;
		&lt;td&gt;jsonplaceholder.[host_var].com&lt;/td&gt;
		&lt;td&gt;/[path_var]&lt;/td&gt;
		&lt;td colspan="2"&gt;$TEST_SESSION_ID&lt;/td&gt;
	&lt;/tr&gt;
	&lt;tr class="slimRowTitle"&gt;
		&lt;td&gt;[host_var]&lt;/td&gt;
		&lt;td&gt;[path_var]&lt;/td&gt;
		&lt;td&gt;id&lt;/td&gt;
		&lt;td&gt;status code?&lt;/td&gt;
		&lt;td&gt;execution error message?&lt;/td&gt;
		&lt;td&gt;execution time?&lt;/td&gt;
	&lt;/tr&gt;
	&lt;tr class="slimRowColor1"&gt;
		&lt;td&gt;typicode&lt;/td&gt;
		&lt;td&gt;users&lt;/td&gt;
		&lt;td&gt;1&lt;/td&gt;
		&lt;td&gt;&lt;span class="pass"&gt;200&lt;/span&gt;&lt;/td&gt;
		&lt;td&gt;&lt;span class="pass"&gt;BLANK&lt;/span&gt;&lt;/td&gt;
		&lt;td&gt;&lt;span class="pass"&gt;96&amp;lt; 1000&lt;/span&gt;&lt;/td&gt;
	&lt;/tr&gt;
&lt;/table&gt;
&lt;i&gt;AND the name of the user is Leanne Graham&lt;/i&gt;&lt;br/&gt;&lt;i&gt;AND the city of the user is an alphanumeric string&lt;/i&gt;&lt;br/&gt;&lt;table&gt;
	&lt;tr class="slimRowTitle"&gt;
		&lt;td&gt;&lt;span class="pass"&gt;ddt: Data Result Parsing Fixture&lt;/span&gt;&lt;/td&gt;
		&lt;td&gt;$TEST_SESSION_ID&lt;/td&gt;
	&lt;/tr&gt;
	&lt;tr class="slimRowTitle"&gt;
		&lt;td&gt;$.[0].name?&lt;/td&gt;
		&lt;td&gt;$.[0].address.city?&lt;/td&gt;
	&lt;/tr&gt;
	&lt;tr class="slimRowColor1"&gt;
		&lt;td&gt;&lt;span class="pass"&gt;Leanne Graham&lt;/span&gt;&lt;/td&gt;
		&lt;td&gt;&lt;span class="pass"&gt;/^[a-zA-Z]*$/ found in: Gwenborough&lt;/span&gt;&lt;/td&gt;
	&lt;/tr&gt;
&lt;/table&gt;
&lt;br/&gt;&lt;b&gt;4 - Post example&lt;/b&gt;&lt;br/&gt;&lt;table&gt;
	&lt;tr&gt;
		&lt;td&gt;&lt;span class="pass"&gt;Session Fixture&lt;/span&gt;&lt;/td&gt;
		&lt;td&gt;$TEST_SESSION_ID&lt;/td&gt;
	&lt;/tr&gt;
	&lt;tr&gt;
		&lt;td colspan="2"&gt;payload&lt;/td&gt;
	&lt;/tr&gt;
	&lt;tr&gt;
		&lt;td colspan="2"&gt;&lt;br/&gt;{&lt;br/&gt;    "id": 1,&lt;br/&gt;    "name": "Leanne Graham",&lt;br/&gt;    "username": "Bret",&lt;br/&gt;    "email": "Sincere@april.biz",&lt;br/&gt;    "address": {&lt;br/&gt;      "street": "Kulas Light",&lt;br/&gt;      "suite": "Apt. 556",&lt;br/&gt;      "city": "Gwenborough",&lt;br/&gt;      "zipcode": "92998-3874",&lt;br/&gt;      "geo": {&lt;br/&gt;        "lat": "-37.3159",&lt;br/&gt;        "lng": "81.1496"&lt;br/&gt;      }&lt;br/&gt;    },&lt;br/&gt;    "phone": "1-770-736-8031 x56442",&lt;br/&gt;    "website": "hildegard.org",&lt;br/&gt;    "company": {&lt;br/&gt;      "name": "Romaguera-Crona",&lt;br/&gt;      "catchPhrase": "Multi-layered client-server neural-net",&lt;br/&gt;      "bs": "harness real-time e-markets"&lt;br/&gt;    }&lt;br/&gt;  }&lt;br/&gt;&lt;/td&gt;
	&lt;/tr&gt;
&lt;/table&gt;
&lt;br/&gt;&lt;table&gt;
	&lt;tr class="slimRowTitle"&gt;
		&lt;td&gt;&lt;span class="pass"&gt;ddt:API Fixture&lt;/span&gt;&lt;/td&gt;
		&lt;td&gt;POST&lt;/td&gt;
		&lt;td&gt;jsonplaceholder.typicode.com&lt;/td&gt;
		&lt;td&gt;/users&lt;/td&gt;
		&lt;td colspan="2"&gt;$TEST_SESSION_ID&lt;/td&gt;
	&lt;/tr&gt;
	&lt;tr class="slimRowTitle"&gt;
		&lt;td&gt;$.id&lt;/td&gt;
		&lt;td&gt;$.name&lt;/td&gt;
		&lt;td&gt;$.address.city&lt;/td&gt;
		&lt;td&gt;status code?&lt;/td&gt;
		&lt;td&gt;$.name?&lt;/td&gt;
		&lt;td&gt;$.address.city?&lt;/td&gt;
	&lt;/tr&gt;
	&lt;tr class="slimRowColor1"&gt;
		&lt;td&gt;12&lt;/td&gt;
		&lt;td&gt;Jack the Ripper&lt;/td&gt;
		&lt;td&gt;London&lt;/td&gt;
		&lt;td&gt;&lt;span class="pass"&gt;201&lt;/span&gt;&lt;/td&gt;
		&lt;td&gt;&lt;span class="pass"&gt;Jack the Ripper&lt;/span&gt;&lt;/td&gt;
		&lt;td&gt;&lt;span class="pass"&gt;London&lt;/span&gt;&lt;/td&gt;
	&lt;/tr&gt;
	&lt;tr class="slimRowColor0"&gt;
		&lt;td&gt;13&lt;/td&gt;
		&lt;td&gt;Marilyn Manson&lt;/td&gt;
		&lt;td&gt;Los Angeles&lt;/td&gt;
		&lt;td&gt;&lt;span class="pass"&gt;201&lt;/span&gt;&lt;/td&gt;
		&lt;td&gt;&lt;span class="pass"&gt;Marilyn Manson&lt;/span&gt;&lt;/td&gt;
		&lt;td&gt;&lt;span class="pass"&gt;Los Angeles&lt;/span&gt;&lt;/td&gt;
	&lt;/tr&gt;
&lt;/table&gt;
</content>
    <relativePageName>ApiFitDemoPage</relativePageName>
            <instructions>
            <instructionResult>
        <instruction>{id='import_0_0', instruction='import', path='apifit.fixture'}</instruction>
        <slimResult>pass(apifit.fixture)</slimResult>
                <expectation>
                    <status>pass</status>
                    <instructionId>import_0_0</instructionId>
                    <col>0</col>
                              <row>1</row>
                    <type>ImportExpectation</type>
                                        <evaluationMessage>apifit.fixture</evaluationMessage>
                  </expectation>
              </instructionResult>
            <instructionResult>
        <instruction>{id='dynamicDecisionTable_1_0', instruction='make', instanceName='dynamicDecisionTable_1', className='PropertyConfigurationFixture', args=[]}</instruction>
        <slimResult>pass(ddt:Property Configuration Fixture)</slimResult>
                <expectation>
                    <status>pass</status>
                    <instructionId>dynamicDecisionTable_1_0</instructionId>
                    <col>0</col>
                              <row>0</row>
                    <type>ConstructionExpectation</type>
                                        <evaluationMessage>ddt:Property Configuration Fixture</evaluationMessage>
                  </expectation>
              </instructionResult>
            <instructionResult>
        <instruction>{id='dynamicDecisionTable_1_4', instruction='call', instanceName='dynamicDecisionTable_1', methodName='set', args=[APIFIT:PROXY_HOST, proxy-sgt.si.socgen]}</instruction>
        <slimResult></slimResult>
                <expectation>
                    <instructionId>dynamicDecisionTable_1_4</instructionId>
                    <col>0</col>
                              <row>2</row>
                    <type>VoidReturnExpectation</type>
                                      </expectation>
              </instructionResult>
            <instructionResult>
        <instruction>{id='dynamicDecisionTable_1_5', instruction='call', instanceName='dynamicDecisionTable_1', methodName='set', args=[APIFIT:PROXY_PORT, 8080]}</instruction>
        <slimResult></slimResult>
                <expectation>
                    <instructionId>dynamicDecisionTable_1_5</instructionId>
                    <col>1</col>
                              <row>2</row>
                    <type>VoidReturnExpectation</type>
                                      </expectation>
              </instructionResult>
            <instructionResult>
        <instruction>{id='decisionTable_2_0', instruction='make', instanceName='decisionTable_2', className='SessionFixture', args=[]}</instruction>
        <slimResult>pass(Session Fixture)</slimResult>
                <expectation>
                    <status>pass</status>
                    <instructionId>decisionTable_2_0</instructionId>
                    <col>0</col>
                              <row>0</row>
                    <type>ConstructionExpectation</type>
                                        <evaluationMessage>Session Fixture</evaluationMessage>
                  </expectation>
              </instructionResult>
            <instructionResult>
        <instruction>{id='decisionTable_2_5', instruction='call', instanceName='decisionTable_2', methodName='setUp', args=[]}</instruction>
        <slimResult>pass(OK)</slimResult>
                <expectation>
                    <status>pass</status>
                    <instructionId>decisionTable_2_5</instructionId>
                    <col>0</col>
                              <row>2</row>
                    <type>ReturnedValueExpectation</type>
                                        <evaluationMessage>OK</evaluationMessage>
                  </expectation>
              </instructionResult>
            <instructionResult>
        <instruction>{id='decisionTable_2_6', instruction='callAndAssign', symbolName='TEST_SESSION_ID', instanceName='decisionTable_2', methodName='testSessionId', args=[]}</instruction>
        <slimResult>$TEST_SESSION_ID&lt;-[9002330f-6360-456c-b710-b4acd49f8f11]</slimResult>
                <expectation>
                    <instructionId>decisionTable_2_6</instructionId>
                    <col>1</col>
                              <row>2</row>
                    <type>SymbolAssignmentExpectation</type>
                                        <evaluationMessage>$TEST_SESSION_ID&lt;-[9002330f-6360-456c-b710-b4acd49f8f11]</evaluationMessage>
                  </expectation>
              </instructionResult>
            <instructionResult>
        <instruction>{id='decisionTable_3_0', instruction='make', instanceName='decisionTable_3', className='AuthentificationFixture', args=[$TEST_SESSION_ID]}</instruction>
        <slimResult>pass(Authentification Fixture)</slimResult>
                <expectation>
                    <status>pass</status>
                    <instructionId>decisionTable_3_0</instructionId>
                    <col>0</col>
                              <row>0</row>
                    <type>ConstructionExpectation</type>
                                        <evaluationMessage>Authentification Fixture</evaluationMessage>
                  </expectation>
              </instructionResult>
            <instructionResult>
        <instruction>{id='decisionTable_3_4', instruction='call', instanceName='decisionTable_3', methodName='setUser', args=[x131389]}</instruction>
        <slimResult></slimResult>
                <expectation>
                    <instructionId>decisionTable_3_4</instructionId>
                    <col>0</col>
                              <row>2</row>
                    <type>VoidReturnExpectation</type>
                                      </expectation>
              </instructionResult>
            <instructionResult>
        <instruction>{id='decisionTable_3_5', instruction='call', instanceName='decisionTable_3', methodName='setPassword', args=[Hendrix68!]}</instruction>
        <slimResult></slimResult>
                <expectation>
                    <instructionId>decisionTable_3_5</instructionId>
                    <col>1</col>
                              <row>2</row>
                    <type>VoidReturnExpectation</type>
                                      </expectation>
              </instructionResult>
            <instructionResult>
        <instruction>{id='decisionTable_3_6', instruction='call', instanceName='decisionTable_3', methodName='setHost', args=[proxy-sgt.si.socgen]}</instruction>
        <slimResult></slimResult>
                <expectation>
                    <instructionId>decisionTable_3_6</instructionId>
                    <col>2</col>
                              <row>2</row>
                    <type>VoidReturnExpectation</type>
                                      </expectation>
              </instructionResult>
            <instructionResult>
        <instruction>{id='decisionTable_3_7', instruction='call', instanceName='decisionTable_3', methodName='setPort', args=[8080]}</instruction>
        <slimResult></slimResult>
                <expectation>
                    <instructionId>decisionTable_3_7</instructionId>
                    <col>3</col>
                              <row>2</row>
                    <type>VoidReturnExpectation</type>
                                      </expectation>
              </instructionResult>
            <instructionResult>
        <instruction>{id='dynamicDecisionTable_4_0', instruction='make', instanceName='dynamicDecisionTable_4', className='APIFixture', args=[GET, jsonplaceholder.typicode.com, /users, $TEST_SESSION_ID]}</instruction>
        <slimResult>pass(ddt:API Fixture)</slimResult>
                <expectation>
                    <status>pass</status>
                    <instructionId>dynamicDecisionTable_4_0</instructionId>
                    <col>0</col>
                              <row>0</row>
                    <type>ConstructionExpectation</type>
                                        <evaluationMessage>ddt:API Fixture</evaluationMessage>
                  </expectation>
              </instructionResult>
            <instructionResult>
        <instruction>{id='dynamicDecisionTable_4_5', instruction='call', instanceName='dynamicDecisionTable_4', methodName='get', args=[status code]}</instruction>
        <slimResult>pass(200)</slimResult>
                <expectation>
                    <status>pass</status>
                    <instructionId>dynamicDecisionTable_4_5</instructionId>
                    <col>0</col>
                              <row>2</row>
                    <type>ReturnedValueExpectation</type>
                                        <evaluationMessage>200</evaluationMessage>
                  </expectation>
              </instructionResult>
            <instructionResult>
        <instruction>{id='dynamicDecisionTable_4_6', instruction='call', instanceName='dynamicDecisionTable_4', methodName='get', args=[$.length()]}</instruction>
        <slimResult>pass(10)</slimResult>
                <expectation>
                    <status>pass</status>
                    <instructionId>dynamicDecisionTable_4_6</instructionId>
                    <col>1</col>
                              <row>2</row>
                    <type>ReturnedValueExpectation</type>
                                        <evaluationMessage>10</evaluationMessage>
                  </expectation>
              </instructionResult>
            <instructionResult>
        <instruction>{id='dynamicDecisionTable_4_7', instruction='call', instanceName='dynamicDecisionTable_4', methodName='get', args=[$.[0].name]}</instruction>
        <slimResult>pass(Leanne Graham)</slimResult>
                <expectation>
                    <status>pass</status>
                    <instructionId>dynamicDecisionTable_4_7</instructionId>
                    <col>2</col>
                              <row>2</row>
                    <type>ReturnedValueExpectation</type>
                                        <evaluationMessage>Leanne Graham</evaluationMessage>
                  </expectation>
              </instructionResult>
            <instructionResult>
        <instruction>{id='dynamicDecisionTable_4_8', instruction='call', instanceName='dynamicDecisionTable_4', methodName='get', args=[$.[1].address.street]}</instruction>
        <slimResult>pass(Victor Plains)</slimResult>
                <expectation>
                    <status>pass</status>
                    <instructionId>dynamicDecisionTable_4_8</instructionId>
                    <col>3</col>
                              <row>2</row>
                    <type>ReturnedValueExpectation</type>
                                        <evaluationMessage>Victor Plains</evaluationMessage>
                  </expectation>
              </instructionResult>
            <instructionResult>
        <instruction>{id='dynamicDecisionTable_4_9', instruction='call', instanceName='dynamicDecisionTable_4', methodName='get', args=[APIFIT:CONTAINS(innovative)]}</instruction>
        <slimResult>pass(TRUE)</slimResult>
                <expectation>
                    <status>pass</status>
                    <instructionId>dynamicDecisionTable_4_9</instructionId>
                    <col>4</col>
                              <row>2</row>
                    <type>ReturnedValueExpectation</type>
                                        <evaluationMessage>TRUE</evaluationMessage>
                  </expectation>
              </instructionResult>
            <instructionResult>
        <instruction>{id='dynamicDecisionTable_4_10', instruction='call', instanceName='dynamicDecisionTable_4', methodName='get', args=[APIFIT:COUNT(Trump)]}</instruction>
        <slimResult>pass(0)</slimResult>
                <expectation>
                    <status>pass</status>
                    <instructionId>dynamicDecisionTable_4_10</instructionId>
                    <col>5</col>
                              <row>2</row>
                    <type>ReturnedValueExpectation</type>
                                        <evaluationMessage>0</evaluationMessage>
                  </expectation>
              </instructionResult>
            <instructionResult>
        <instruction>{id='dynamicDecisionTable_5_0', instruction='make', instanceName='dynamicDecisionTable_5', className='APIFixture', args=[GET, jsonplaceholder.[host_var].com, /[path_var], $TEST_SESSION_ID]}</instruction>
        <slimResult>pass(ddt:API Fixture)</slimResult>
                <expectation>
                    <status>pass</status>
                    <instructionId>dynamicDecisionTable_5_0</instructionId>
                    <col>0</col>
                              <row>0</row>
                    <type>ConstructionExpectation</type>
                                        <evaluationMessage>ddt:API Fixture</evaluationMessage>
                  </expectation>
              </instructionResult>
            <instructionResult>
        <instruction>{id='dynamicDecisionTable_5_4', instruction='call', instanceName='dynamicDecisionTable_5', methodName='set', args=[[host_var], typicode]}</instruction>
        <slimResult></slimResult>
                <expectation>
                    <instructionId>dynamicDecisionTable_5_4</instructionId>
                    <col>0</col>
                              <row>2</row>
                    <type>VoidReturnExpectation</type>
                                      </expectation>
              </instructionResult>
            <instructionResult>
        <instruction>{id='dynamicDecisionTable_5_5', instruction='call', instanceName='dynamicDecisionTable_5', methodName='set', args=[[path_var], users]}</instruction>
        <slimResult></slimResult>
                <expectation>
                    <instructionId>dynamicDecisionTable_5_5</instructionId>
                    <col>1</col>
                              <row>2</row>
                    <type>VoidReturnExpectation</type>
                                      </expectation>
              </instructionResult>
            <instructionResult>
        <instruction>{id='dynamicDecisionTable_5_6', instruction='call', instanceName='dynamicDecisionTable_5', methodName='set', args=[id, 1]}</instruction>
        <slimResult></slimResult>
                <expectation>
                    <instructionId>dynamicDecisionTable_5_6</instructionId>
                    <col>2</col>
                              <row>2</row>
                    <type>VoidReturnExpectation</type>
                                      </expectation>
              </instructionResult>
            <instructionResult>
        <instruction>{id='dynamicDecisionTable_5_8', instruction='call', instanceName='dynamicDecisionTable_5', methodName='get', args=[status code]}</instruction>
        <slimResult>pass(200)</slimResult>
                <expectation>
                    <status>pass</status>
                    <instructionId>dynamicDecisionTable_5_8</instructionId>
                    <col>3</col>
                              <row>2</row>
                    <type>ReturnedValueExpectation</type>
                                        <evaluationMessage>200</evaluationMessage>
                  </expectation>
              </instructionResult>
            <instructionResult>
        <instruction>{id='dynamicDecisionTable_5_9', instruction='call', instanceName='dynamicDecisionTable_5', methodName='get', args=[$.[0].name]}</instruction>
        <slimResult>pass(Leanne Graham)</slimResult>
                <expectation>
                    <status>pass</status>
                    <instructionId>dynamicDecisionTable_5_9</instructionId>
                    <col>4</col>
                              <row>2</row>
                    <type>ReturnedValueExpectation</type>
                                        <evaluationMessage>Leanne Graham</evaluationMessage>
                  </expectation>
              </instructionResult>
            <instructionResult>
        <instruction>{id='dynamicDecisionTable_5_11', instruction='call', instanceName='dynamicDecisionTable_5', methodName='set', args=[[host_var], typicode]}</instruction>
        <slimResult></slimResult>
                <expectation>
                    <instructionId>dynamicDecisionTable_5_11</instructionId>
                    <col>0</col>
                              <row>3</row>
                    <type>VoidReturnExpectation</type>
                                      </expectation>
              </instructionResult>
            <instructionResult>
        <instruction>{id='dynamicDecisionTable_5_12', instruction='call', instanceName='dynamicDecisionTable_5', methodName='set', args=[[path_var], users]}</instruction>
        <slimResult></slimResult>
                <expectation>
                    <instructionId>dynamicDecisionTable_5_12</instructionId>
                    <col>1</col>
                              <row>3</row>
                    <type>VoidReturnExpectation</type>
                                      </expectation>
              </instructionResult>
            <instructionResult>
        <instruction>{id='dynamicDecisionTable_5_13', instruction='call', instanceName='dynamicDecisionTable_5', methodName='set', args=[id, 2]}</instruction>
        <slimResult></slimResult>
                <expectation>
                    <instructionId>dynamicDecisionTable_5_13</instructionId>
                    <col>2</col>
                              <row>3</row>
                    <type>VoidReturnExpectation</type>
                                      </expectation>
              </instructionResult>
            <instructionResult>
        <instruction>{id='dynamicDecisionTable_5_15', instruction='call', instanceName='dynamicDecisionTable_5', methodName='get', args=[status code]}</instruction>
        <slimResult>pass(200)</slimResult>
                <expectation>
                    <status>pass</status>
                    <instructionId>dynamicDecisionTable_5_15</instructionId>
                    <col>3</col>
                              <row>3</row>
                    <type>ReturnedValueExpectation</type>
                                        <evaluationMessage>200</evaluationMessage>
                  </expectation>
              </instructionResult>
            <instructionResult>
        <instruction>{id='dynamicDecisionTable_5_16', instruction='call', instanceName='dynamicDecisionTable_5', methodName='get', args=[$.[0].name]}</instruction>
        <slimResult>pass(Ervin Howell)</slimResult>
                <expectation>
                    <status>pass</status>
                    <instructionId>dynamicDecisionTable_5_16</instructionId>
                    <col>4</col>
                              <row>3</row>
                    <type>ReturnedValueExpectation</type>
                                        <evaluationMessage>Ervin Howell</evaluationMessage>
                  </expectation>
              </instructionResult>
            <instructionResult>
        <instruction>{id='dynamicDecisionTable_5_18', instruction='call', instanceName='dynamicDecisionTable_5', methodName='set', args=[[host_var], typicode]}</instruction>
        <slimResult></slimResult>
                <expectation>
                    <instructionId>dynamicDecisionTable_5_18</instructionId>
                    <col>0</col>
                              <row>4</row>
                    <type>VoidReturnExpectation</type>
                                      </expectation>
              </instructionResult>
            <instructionResult>
        <instruction>{id='dynamicDecisionTable_5_19', instruction='call', instanceName='dynamicDecisionTable_5', methodName='set', args=[[path_var], users]}</instruction>
        <slimResult></slimResult>
                <expectation>
                    <instructionId>dynamicDecisionTable_5_19</instructionId>
                    <col>1</col>
                              <row>4</row>
                    <type>VoidReturnExpectation</type>
                                      </expectation>
              </instructionResult>
            <instructionResult>
        <instruction>{id='dynamicDecisionTable_5_20', instruction='call', instanceName='dynamicDecisionTable_5', methodName='set', args=[id, 3]}</instruction>
        <slimResult></slimResult>
                <expectation>
                    <instructionId>dynamicDecisionTable_5_20</instructionId>
                    <col>2</col>
                              <row>4</row>
                    <type>VoidReturnExpectation</type>
                                      </expectation>
              </instructionResult>
            <instructionResult>
        <instruction>{id='dynamicDecisionTable_5_22', instruction='call', instanceName='dynamicDecisionTable_5', methodName='get', args=[status code]}</instruction>
        <slimResult>pass(200)</slimResult>
                <expectation>
                    <status>pass</status>
                    <instructionId>dynamicDecisionTable_5_22</instructionId>
                    <col>3</col>
                              <row>4</row>
                    <type>ReturnedValueExpectation</type>
                                        <evaluationMessage>200</evaluationMessage>
                  </expectation>
              </instructionResult>
            <instructionResult>
        <instruction>{id='dynamicDecisionTable_5_23', instruction='call', instanceName='dynamicDecisionTable_5', methodName='get', args=[$.[0].name]}</instruction>
        <slimResult>pass(Clementine Bauch)</slimResult>
                <expectation>
                    <status>pass</status>
                    <instructionId>dynamicDecisionTable_5_23</instructionId>
                    <col>4</col>
                              <row>4</row>
                    <type>ReturnedValueExpectation</type>
                                        <evaluationMessage>Clementine Bauch</evaluationMessage>
                  </expectation>
              </instructionResult>
            <instructionResult>
        <instruction>{id='dynamicDecisionTable_6_0', instruction='make', instanceName='dynamicDecisionTable_6', className='APIFixture', args=[GET, jsonplaceholder.[host_var].com, /[path_var], $TEST_SESSION_ID]}</instruction>
        <slimResult>pass(ddt:API Fixture)</slimResult>
                <expectation>
                    <status>pass</status>
                    <instructionId>dynamicDecisionTable_6_0</instructionId>
                    <col>0</col>
                              <row>0</row>
                    <type>ConstructionExpectation</type>
                                        <evaluationMessage>ddt:API Fixture</evaluationMessage>
                  </expectation>
              </instructionResult>
            <instructionResult>
        <instruction>{id='dynamicDecisionTable_6_4', instruction='call', instanceName='dynamicDecisionTable_6', methodName='set', args=[[host_var], typicode]}</instruction>
        <slimResult></slimResult>
                <expectation>
                    <instructionId>dynamicDecisionTable_6_4</instructionId>
                    <col>0</col>
                              <row>2</row>
                    <type>VoidReturnExpectation</type>
                                      </expectation>
              </instructionResult>
            <instructionResult>
        <instruction>{id='dynamicDecisionTable_6_5', instruction='call', instanceName='dynamicDecisionTable_6', methodName='set', args=[[path_var], users]}</instruction>
        <slimResult></slimResult>
                <expectation>
                    <instructionId>dynamicDecisionTable_6_5</instructionId>
                    <col>1</col>
                              <row>2</row>
                    <type>VoidReturnExpectation</type>
                                      </expectation>
              </instructionResult>
            <instructionResult>
        <instruction>{id='dynamicDecisionTable_6_6', instruction='call', instanceName='dynamicDecisionTable_6', methodName='set', args=[id, 1]}</instruction>
        <slimResult></slimResult>
                <expectation>
                    <instructionId>dynamicDecisionTable_6_6</instructionId>
                    <col>2</col>
                              <row>2</row>
                    <type>VoidReturnExpectation</type>
                                      </expectation>
              </instructionResult>
            <instructionResult>
        <instruction>{id='dynamicDecisionTable_6_8', instruction='call', instanceName='dynamicDecisionTable_6', methodName='get', args=[status code]}</instruction>
        <slimResult>pass(200)</slimResult>
                <expectation>
                    <status>pass</status>
                    <instructionId>dynamicDecisionTable_6_8</instructionId>
                    <col>3</col>
                              <row>2</row>
                    <type>ReturnedValueExpectation</type>
                                        <evaluationMessage>200</evaluationMessage>
                  </expectation>
              </instructionResult>
            <instructionResult>
        <instruction>{id='dynamicDecisionTable_6_9', instruction='call', instanceName='dynamicDecisionTable_6', methodName='get', args=[execution error message]}</instruction>
        <slimResult>pass(BLANK)</slimResult>
                <expectation>
                    <status>pass</status>
                    <instructionId>dynamicDecisionTable_6_9</instructionId>
                    <col>4</col>
                              <row>2</row>
                    <type>ReturnedValueExpectation</type>
                                        <evaluationMessage>BLANK</evaluationMessage>
                  </expectation>
              </instructionResult>
            <instructionResult>
        <instruction>{id='dynamicDecisionTable_6_10', instruction='call', instanceName='dynamicDecisionTable_6', methodName='get', args=[execution time]}</instruction>
        <slimResult>pass(96&lt; 1000)</slimResult>
                <expectation>
                    <status>pass</status>
                    <instructionId>dynamicDecisionTable_6_10</instructionId>
                    <col>5</col>
                              <row>2</row>
                    <type>ReturnedValueExpectation</type>
                                        <evaluationMessage>96&lt; 1000</evaluationMessage>
                  </expectation>
              </instructionResult>
            <instructionResult>
        <instruction>{id='dynamicDecisionTable_7_0', instruction='make', instanceName='dynamicDecisionTable_7', className='DataResultParsingFixture', args=[$TEST_SESSION_ID]}</instruction>
        <slimResult>pass(ddt: Data Result Parsing Fixture)</slimResult>
                <expectation>
                    <status>pass</status>
                    <instructionId>dynamicDecisionTable_7_0</instructionId>
                    <col>0</col>
                              <row>0</row>
                    <type>ConstructionExpectation</type>
                                        <evaluationMessage>ddt: Data Result Parsing Fixture</evaluationMessage>
                  </expectation>
              </instructionResult>
            <instructionResult>
        <instruction>{id='dynamicDecisionTable_7_5', instruction='call', instanceName='dynamicDecisionTable_7', methodName='get', args=[$.[0].name]}</instruction>
        <slimResult>pass(Leanne Graham)</slimResult>
                <expectation>
                    <status>pass</status>
                    <instructionId>dynamicDecisionTable_7_5</instructionId>
                    <col>0</col>
                              <row>2</row>
                    <type>ReturnedValueExpectation</type>
                                        <evaluationMessage>Leanne Graham</evaluationMessage>
                  </expectation>
              </instructionResult>
            <instructionResult>
        <instruction>{id='dynamicDecisionTable_7_6', instruction='call', instanceName='dynamicDecisionTable_7', methodName='get', args=[$.[0].address.city]}</instruction>
        <slimResult>pass(/^[a-zA-Z]*$/ found in: Gwenborough)</slimResult>
                <expectation>
                    <status>pass</status>
                    <instructionId>dynamicDecisionTable_7_6</instructionId>
                    <col>1</col>
                              <row>2</row>
                    <type>ReturnedValueExpectation</type>
                                        <evaluationMessage>/^[a-zA-Z]*$/ found in: Gwenborough</evaluationMessage>
                  </expectation>
              </instructionResult>
            <instructionResult>
        <instruction>{id='decisionTable_8_0', instruction='make', instanceName='decisionTable_8', className='SessionFixture', args=[$TEST_SESSION_ID]}</instruction>
        <slimResult>pass(Session Fixture)</slimResult>
                <expectation>
                    <status>pass</status>
                    <instructionId>decisionTable_8_0</instructionId>
                    <col>0</col>
                              <row>0</row>
                    <type>ConstructionExpectation</type>
                                        <evaluationMessage>Session Fixture</evaluationMessage>
                  </expectation>
              </instructionResult>
            <instructionResult>
        <instruction>{id='decisionTable_8_4', instruction='call', instanceName='decisionTable_8', methodName='setPayload', args=[&lt;br/&gt;{&lt;br/&gt;    "id": 1,&lt;br/&gt;    "name": "Leanne Graham",&lt;br/&gt;    "username": "Bret",&lt;br/&gt;    "email": "Sincere@april.biz",&lt;br/&gt;    "address": {&lt;br/&gt;      "street": "Kulas Light",&lt;br/&gt;      "suite": "Apt. 556",&lt;br/&gt;      "city": "Gwenborough",&lt;br/&gt;      "zipcode": "92998-3874",&lt;br/&gt;      "geo": {&lt;br/&gt;        "lat": "-37.3159",&lt;br/&gt;        "lng": "81.1496"&lt;br/&gt;      }&lt;br/&gt;    },&lt;br/&gt;    "phone": "1-770-736-8031 x56442",&lt;br/&gt;    "website": "hildegard.org",&lt;br/&gt;    "company": {&lt;br/&gt;      "name": "Romaguera-Crona",&lt;br/&gt;      "catchPhrase": "Multi-layered client-server neural-net",&lt;br/&gt;      "bs": "harness real-time e-markets"&lt;br/&gt;    }&lt;br/&gt;  }&lt;br/&gt;]}</instruction>
        <slimResult></slimResult>
                <expectation>
                    <instructionId>decisionTable_8_4</instructionId>
                    <col>0</col>
                              <row>2</row>
                    <type>VoidReturnExpectation</type>
                                      </expectation>
              </instructionResult>
            <instructionResult>
        <instruction>{id='dynamicDecisionTable_9_0', instruction='make', instanceName='dynamicDecisionTable_9', className='APIFixture', args=[POST, jsonplaceholder.typicode.com, /users, $TEST_SESSION_ID]}</instruction>
        <slimResult>pass(ddt:API Fixture)</slimResult>
                <expectation>
                    <status>pass</status>
                    <instructionId>dynamicDecisionTable_9_0</instructionId>
                    <col>0</col>
                              <row>0</row>
                    <type>ConstructionExpectation</type>
                                        <evaluationMessage>ddt:API Fixture</evaluationMessage>
                  </expectation>
              </instructionResult>
            <instructionResult>
        <instruction>{id='dynamicDecisionTable_9_4', instruction='call', instanceName='dynamicDecisionTable_9', methodName='set', args=[$.id, 12]}</instruction>
        <slimResult></slimResult>
                <expectation>
                    <instructionId>dynamicDecisionTable_9_4</instructionId>
                    <col>0</col>
                              <row>2</row>
                    <type>VoidReturnExpectation</type>
                                      </expectation>
              </instructionResult>
            <instructionResult>
        <instruction>{id='dynamicDecisionTable_9_5', instruction='call', instanceName='dynamicDecisionTable_9', methodName='set', args=[$.name, Jack the Ripper]}</instruction>
        <slimResult></slimResult>
                <expectation>
                    <instructionId>dynamicDecisionTable_9_5</instructionId>
                    <col>1</col>
                              <row>2</row>
                    <type>VoidReturnExpectation</type>
                                      </expectation>
              </instructionResult>
            <instructionResult>
        <instruction>{id='dynamicDecisionTable_9_6', instruction='call', instanceName='dynamicDecisionTable_9', methodName='set', args=[$.address.city, London]}</instruction>
        <slimResult></slimResult>
                <expectation>
                    <instructionId>dynamicDecisionTable_9_6</instructionId>
                    <col>2</col>
                              <row>2</row>
                    <type>VoidReturnExpectation</type>
                                      </expectation>
              </instructionResult>
            <instructionResult>
        <instruction>{id='dynamicDecisionTable_9_8', instruction='call', instanceName='dynamicDecisionTable_9', methodName='get', args=[status code]}</instruction>
        <slimResult>pass(201)</slimResult>
                <expectation>
                    <status>pass</status>
                    <instructionId>dynamicDecisionTable_9_8</instructionId>
                    <col>3</col>
                              <row>2</row>
                    <type>ReturnedValueExpectation</type>
                                        <evaluationMessage>201</evaluationMessage>
                  </expectation>
              </instructionResult>
            <instructionResult>
        <instruction>{id='dynamicDecisionTable_9_9', instruction='call', instanceName='dynamicDecisionTable_9', methodName='get', args=[$.name]}</instruction>
        <slimResult>pass(Jack the Ripper)</slimResult>
                <expectation>
                    <status>pass</status>
                    <instructionId>dynamicDecisionTable_9_9</instructionId>
                    <col>4</col>
                              <row>2</row>
                    <type>ReturnedValueExpectation</type>
                                        <evaluationMessage>Jack the Ripper</evaluationMessage>
                  </expectation>
              </instructionResult>
            <instructionResult>
        <instruction>{id='dynamicDecisionTable_9_10', instruction='call', instanceName='dynamicDecisionTable_9', methodName='get', args=[$.address.city]}</instruction>
        <slimResult>pass(London)</slimResult>
                <expectation>
                    <status>pass</status>
                    <instructionId>dynamicDecisionTable_9_10</instructionId>
                    <col>5</col>
                              <row>2</row>
                    <type>ReturnedValueExpectation</type>
                                        <evaluationMessage>London</evaluationMessage>
                  </expectation>
              </instructionResult>
            <instructionResult>
        <instruction>{id='dynamicDecisionTable_9_12', instruction='call', instanceName='dynamicDecisionTable_9', methodName='set', args=[$.id, 13]}</instruction>
        <slimResult></slimResult>
                <expectation>
                    <instructionId>dynamicDecisionTable_9_12</instructionId>
                    <col>0</col>
                              <row>3</row>
                    <type>VoidReturnExpectation</type>
                                      </expectation>
              </instructionResult>
            <instructionResult>
        <instruction>{id='dynamicDecisionTable_9_13', instruction='call', instanceName='dynamicDecisionTable_9', methodName='set', args=[$.name, Marilyn Manson]}</instruction>
        <slimResult></slimResult>
                <expectation>
                    <instructionId>dynamicDecisionTable_9_13</instructionId>
                    <col>1</col>
                              <row>3</row>
                    <type>VoidReturnExpectation</type>
                                      </expectation>
              </instructionResult>
            <instructionResult>
        <instruction>{id='dynamicDecisionTable_9_14', instruction='call', instanceName='dynamicDecisionTable_9', methodName='set', args=[$.address.city, Los Angeles]}</instruction>
        <slimResult></slimResult>
                <expectation>
                    <instructionId>dynamicDecisionTable_9_14</instructionId>
                    <col>2</col>
                              <row>3</row>
                    <type>VoidReturnExpectation</type>
                                      </expectation>
              </instructionResult>
            <instructionResult>
        <instruction>{id='dynamicDecisionTable_9_16', instruction='call', instanceName='dynamicDecisionTable_9', methodName='get', args=[status code]}</instruction>
        <slimResult>pass(201)</slimResult>
                <expectation>
                    <status>pass</status>
                    <instructionId>dynamicDecisionTable_9_16</instructionId>
                    <col>3</col>
                              <row>3</row>
                    <type>ReturnedValueExpectation</type>
                                        <evaluationMessage>201</evaluationMessage>
                  </expectation>
              </instructionResult>
            <instructionResult>
        <instruction>{id='dynamicDecisionTable_9_17', instruction='call', instanceName='dynamicDecisionTable_9', methodName='get', args=[$.name]}</instruction>
        <slimResult>pass(Marilyn Manson)</slimResult>
                <expectation>
                    <status>pass</status>
                    <instructionId>dynamicDecisionTable_9_17</instructionId>
                    <col>4</col>
                              <row>3</row>
                    <type>ReturnedValueExpectation</type>
                                        <evaluationMessage>Marilyn Manson</evaluationMessage>
                  </expectation>
              </instructionResult>
            <instructionResult>
        <instruction>{id='dynamicDecisionTable_9_18', instruction='call', instanceName='dynamicDecisionTable_9', methodName='get', args=[$.address.city]}</instruction>
        <slimResult>pass(Los Angeles)</slimResult>
                <expectation>
                    <status>pass</status>
                    <instructionId>dynamicDecisionTable_9_18</instructionId>
                    <col>5</col>
                              <row>3</row>
                    <type>ReturnedValueExpectation</type>
                                        <evaluationMessage>Los Angeles</evaluationMessage>
                  </expectation>
              </instructionResult>
          </instructions>
      </result>
  <executionLog>
    <testSystem>slim:fitnesse.slim.SlimService</testSystem>
    <command>"C:\Program Files (x86)\Java\jdk1.8.0_121\bin\java" -cp C:\Users\x131389\fitnesse-standalone.jar;C:\Users\x131389\.\FitNesseRoot\apifit\lib\accessors-smart-1.1.jar;C:\Users\x131389\.\FitNesseRoot\apifit\lib\activation-1.1.jar;C:\Users\x131389\.\FitNesseRoot\apifit\lib\apifit-0.0.1-SNAPSHOT.jar;C:\Users\x131389\.\FitNesseRoot\apifit\lib\asm-5.0.3.jar;C:\Users\x131389\.\FitNesseRoot\apifit\lib\btf-1.2.jar;C:\Users\x131389\.\FitNesseRoot\apifit\lib\commons-beanutils-1.9.2.jar;C:\Users\x131389\.\FitNesseRoot\apifit\lib\commons-codec-1.9.jar;C:\Users\x131389\.\FitNesseRoot\apifit\lib\commons-collections-3.2.1.jar;C:\Users\x131389\.\FitNesseRoot\apifit\lib\commons-configuration2-2.0.jar;C:\Users\x131389\.\FitNesseRoot\apifit\lib\commons-io-2.4.jar;C:\Users\x131389\.\FitNesseRoot\apifit\lib\commons-lang3-3.4.jar;C:\Users\x131389\.\FitNesseRoot\apifit\lib\commons-logging-1.2.jar;C:\Users\x131389\.\FitNesseRoot\apifit\lib\groovy-2.4.4.jar;C:\Users\x131389\.\FitNesseRoot\apifit\lib\groovy-json-2.4.4.jar;C:\Users\x131389\.\FitNesseRoot\apifit\lib\groovy-xml-2.4.4.jar;C:\Users\x131389\.\FitNesseRoot\apifit\lib\guava-19.0.jar;C:\Users\x131389\.\FitNesseRoot\apifit\lib\hamcrest-core-1.3.jar;C:\Users\x131389\.\FitNesseRoot\apifit\lib\hamcrest-library-1.3.jar;C:\Users\x131389\.\FitNesseRoot\apifit\lib\httpclient-4.5.2.jar;C:\Users\x131389\.\FitNesseRoot\apifit\lib\httpcore-4.4.4.jar;C:\Users\x131389\.\FitNesseRoot\apifit\lib\jackson-annotations-2.6.0.jar;C:\Users\x131389\.\FitNesseRoot\apifit\lib\jackson-core-2.6.3.jar;C:\Users\x131389\.\FitNesseRoot\apifit\lib\jackson-coreutils-1.8.jar;C:\Users\x131389\.\FitNesseRoot\apifit\lib\jackson-databind-2.6.3.jar;C:\Users\x131389\.\FitNesseRoot\apifit\lib\joda-time-2.3.jar;C:\Users\x131389\.\FitNesseRoot\apifit\lib\jopt-simple-4.6.jar;C:\Users\x131389\.\FitNesseRoot\apifit\lib\json-path-2.2.0.jar;C:\Users\x131389\.\FitNesseRoot\apifit\lib\json-path-2.9.0.jar;C:\Users\x131389\.\FitNesseRoot\apifit\lib\json-schema-core-1.2.5.jar;C:\Users\x131389\.\FitNesseRoot\apifit\lib\json-schema-validator-2.2.6.jar;C:\Users\x131389\.\FitNesseRoot\apifit\lib\json-smart-2.2.1.jar;C:\Users\x131389\.\FitNesseRoot\apifit\lib\jsr305-3.0.0.jar;C:\Users\x131389\.\FitNesseRoot\apifit\lib\junit-4.12.jar;C:\Users\x131389\.\FitNesseRoot\apifit\lib\libphonenumber-6.2.jar;C:\Users\x131389\.\FitNesseRoot\apifit\lib\log4j-1.2.17.jar;C:\Users\x131389\.\FitNesseRoot\apifit\lib\mailapi-1.4.3.jar;C:\Users\x131389\.\FitNesseRoot\apifit\lib\msg-simple-1.1.jar;C:\Users\x131389\.\FitNesseRoot\apifit\lib\rest-assured-common-2.9.0.jar;C:\Users\x131389\.\FitNesseRoot\apifit\lib\rhino-1.7R4.jar;C:\Users\x131389\.\FitNesseRoot\apifit\lib\slf4j-api-1.7.5.jar;C:\Users\x131389\.\FitNesseRoot\apifit\lib\slf4j-log4j12-1.7.5.jar;C:\Users\x131389\.\FitNesseRoot\apifit\lib\tagsoup-1.2.1.jar;C:\Users\x131389\.\FitNesseRoot\apifit\lib\uri-template-0.9.jar;C:\Users\x131389\.\FitNesseRoot\apifit\lib\xml-path-2.9.0.jar fitnesse.slim.SlimService 1</command>
    <exitCode>0</exitCode>
    <stdOut>=================&gt; API EXECUTION FLOW AT 2017-04-28T11:50:30.550 &lt;=================
REQUEST ACTION   : GET http://jsonplaceholder.typicode.com:80/users
RESPONSE STATUS  : 200
RESPONSE TIME    : 211
RESPONSE HEADERS :
Via: 1.1 192.22.168.3 (McAfee Web Gateway 7.6.2.21509)
Date: Fri, 28 Apr 2017 09:50:30 GMT
Etag: W/"160d-1eMSsxeJRfnVLRBmYJSbCiJZ1qQ"
CF-RAY: 35691e21f1f16950-CDG
Pragma: no-cache
Server: cloudflare-nginx
Expires: Fri, 28 Apr 2017 13:50:30 GMT
X-Cache: MISS from 192.22.168.3
Set-Cookie: __cfduid=d5d83770f8ef63a318df5fed5a34cbb7c1493373030; expires=Sat, 28-Apr-18 09:50:30 GMT; path=/; domain=.typicode.com; HttpOnly
Content-Type: application/json; charset=utf-8
X-Powered-By: Express
Cache-Control: public, max-age=14400
CF-Cache-Status: HIT
Proxy-Connection: Keep-Alive
Transfer-Encoding: chunked
X-Content-Type-Options: nosniff
Access-Control-Allow-Credentials: true
RESPONSE BODY    :
[
  {
    "id": 1,
    "name": "Leanne Graham",
    "username": "Bret",
    "email": "Sincere@april.biz",
    "address": {
      "street": "Kulas Light",
      "suite": "Apt. 556",
      "city": "Gwenborough",
      "zipcode": "92998-3874",
      "geo": {
        "lat": "-37.3159",
        "lng": "81.1496"
      }
    },
    "phone": "1-770-736-8031 x56442",
    "website": "hildegard.org",
    "company": {
      "name": "Romaguera-Crona",
      "catchPhrase": "Multi-layered client-server neural-net",
      "bs": "harness real-time e-markets"
    }
  },
  {
    "id": 2,
    "name": "Ervin Howell",
    "username": "Antonette",
    "email": "Shanna@melissa.tv",
    "address": {
      "street": "Victor Plains",
      "suite": "Suite 879",
      "city": "Wisokyburgh",
      "zipcode": "90566-7771",
      "geo": {
        "lat": "-43.9509",
        "lng": "-34.4618"
      }
    },
    "phone": "010-692-6593 x09125",
    "website": "anastasia.net",
    "company": {
      "name": "Deckow-Crist",
      "catchPhrase": "Proactive didactic contingency",
      "bs": "synergize scalable supply-chains"
    }
  },
  {
    "id": 3,
    "name": "Clementine Bauch",
    "username": "Samantha",
    "email": "Nathan@yesenia.net",
    "address": {
      "street": "Douglas Extension",
      "suite": "Suite 847",
      "city": "McKenziehaven",
      "zipcode": "59590-4157",
      "geo": {
        "lat": "-68.6102",
        "lng": "-47.0653"
      }
    },
    "phone": "1-463-123-4447",
    "website": "ramiro.info",
    "company": {
      "name": "Romaguera-Jacobson",
      "catchPhrase": "Face to face bifurcated interface",
      "bs": "e-enable strategic applications"
    }
  },
  {
    "id": 4,
    "name": "Patricia Lebsack",
    "username": "Karianne",
    "email": "Julianne.OConner@kory.org",
    "address": {
      "street": "Hoeger Mall",
      "suite": "Apt. 692",
      "city": "South Elvis",
      "zipcode": "53919-4257",
      "geo": {
        "lat": "29.4572",
        "lng": "-164.2990"
      }
    },
    "phone": "493-170-9623 x156",
    "website": "kale.biz",
    "company": {
      "name": "Robel-Corkery",
      "catchPhrase": "Multi-tiered zero tolerance productivity",
      "bs": "transition cutting-edge web services"
    }
  },
  {
    "id": 5,
    "name": "Chelsey Dietrich",
    "username": "Kamren",
    "email": "Lucio_Hettinger@annie.ca",
    "address": {
      "street": "Skiles Walks",
      "suite": "Suite 351",
      "city": "Roscoeview",
      "zipcode": "33263",
      "geo": {
        "lat": "-31.8129",
        "lng": "62.5342"
      }
    },
    "phone": "(254)954-1289",
    "website": "demarco.info",
    "company": {
      "name": "Keebler LLC",
      "catchPhrase": "User-centric fault-tolerant solution",
      "bs": "revolutionize end-to-end systems"
    }
  },
  {
    "id": 6,
    "name": "Mrs. Dennis Schulist",
    "username": "Leopoldo_Corkery",
    "email": "Karley_Dach@jasper.info",
    "address": {
      "street": "Norberto Crossing",
      "suite": "Apt. 950",
      "city": "South Christy",
      "zipcode": "23505-1337",
      "geo": {
        "lat": "-71.4197",
        "lng": "71.7478"
      }
    },
    "phone": "1-477-935-8478 x6430",
    "website": "ola.org",
    "company": {
      "name": "Considine-Lockman",
      "catchPhrase": "Synchronised bottom-line interface",
      "bs": "e-enable innovative applications"
    }
  },
  {
    "id": 7,
    "name": "Kurtis Weissnat",
    "username": "Elwyn.Skiles",
    "email": "Telly.Hoeger@billy.biz",
    "address": {
      "street": "Rex Trail",
      "suite": "Suite 280",
      "city": "Howemouth",
      "zipcode": "58804-1099",
      "geo": {
        "lat": "24.8918",
        "lng": "21.8984"
      }
    },
    "phone": "210.067.6132",
    "website": "elvis.io",
    "company": {
      "name": "Johns Group",
      "catchPhrase": "Configurable multimedia task-force",
      "bs": "generate enterprise e-tailers"
    }
  },
  {
    "id": 8,
    "name": "Nicholas Runolfsdottir V",
    "username": "Maxime_Nienow",
    "email": "Sherwood@rosamond.me",
    "address": {
      "street": "Ellsworth Summit",
      "suite": "Suite 729",
      "city": "Aliyaview",
      "zipcode": "45169",
      "geo": {
        "lat": "-14.3990",
        "lng": "-120.7677"
      }
    },
    "phone": "586.493.6943 x140",
    "website": "jacynthe.com",
    "company": {
      "name": "Abernathy Group",
      "catchPhrase": "Implemented secondary concept",
      "bs": "e-enable extensible e-tailers"
    }
  },
  {
    "id": 9,
    "name": "Glenna Reichert",
    "username": "Delphine",
    "email": "Chaim_McDermott@dana.io",
    "address": {
      "street": "Dayna Park",
      "suite": "Suite 449",
      "city": "Bartholomebury",
      "zipcode": "76495-3109",
      "geo": {
        "lat": "24.6463",
        "lng": "-168.8889"
      }
    },
    "phone": "(775)976-6794 x41206",
    "website": "conrad.com",
    "company": {
      "name": "Yost and Sons",
      "catchPhrase": "Switchable contextually-based project",
      "bs": "aggregate real-time technologies"
    }
  },
  {
    "id": 10,
    "name": "Clementina DuBuque",
    "username": "Moriah.Stanton",
    "email": "Rey.Padberg@karina.biz",
    "address": {
      "street": "Kattie Turnpike",
      "suite": "Suite 198",
      "city": "Lebsackbury",
      "zipcode": "31428-2261",
      "geo": {
        "lat": "-38.2386",
        "lng": "57.2232"
      }
    },
    "phone": "024-648-3804",
    "website": "ambrose.net",
    "company": {
      "name": "Hoeger LLC",
      "catchPhrase": "Centralized empowering task-force",
      "bs": "target end-to-end models"
    }
  }
]
[
  {
    "id": 1,
    "name": "Leanne Graham",
    "username": "Bret",
    "email": "Sincere@april.biz",
    "address": {
      "street": "Kulas Light",
      "suite": "Apt. 556",
      "city": "Gwenborough",
      "zipcode": "92998-3874",
      "geo": {
        "lat": "-37.3159",
        "lng": "81.1496"
      }
    },
    "phone": "1-770-736-8031 x56442",
    "website": "hildegard.org",
    "company": {
      "name": "Romaguera-Crona",
      "catchPhrase": "Multi-layered client-server neural-net",
      "bs": "harness real-time e-markets"
    }
  },
  {
    "id": 2,
    "name": "Ervin Howell",
    "username": "Antonette",
    "email": "Shanna@melissa.tv",
    "address": {
      "street": "Victor Plains",
      "suite": "Suite 879",
      "city": "Wisokyburgh",
      "zipcode": "90566-7771",
      "geo": {
        "lat": "-43.9509",
        "lng": "-34.4618"
      }
    },
    "phone": "010-692-6593 x09125",
    "website": "anastasia.net",
    "company": {
      "name": "Deckow-Crist",
      "catchPhrase": "Proactive didactic contingency",
      "bs": "synergize scalable supply-chains"
    }
  },
  {
    "id": 3,
    "name": "Clementine Bauch",
    "username": "Samantha",
    "email": "Nathan@yesenia.net",
    "address": {
      "street": "Douglas Extension",
      "suite": "Suite 847",
      "city": "McKenziehaven",
      "zipcode": "59590-4157",
      "geo": {
        "lat": "-68.6102",
        "lng": "-47.0653"
      }
    },
    "phone": "1-463-123-4447",
    "website": "ramiro.info",
    "company": {
      "name": "Romaguera-Jacobson",
      "catchPhrase": "Face to face bifurcated interface",
      "bs": "e-enable strategic applications"
    }
  },
  {
    "id": 4,
    "name": "Patricia Lebsack",
    "username": "Karianne",
    "email": "Julianne.OConner@kory.org",
    "address": {
      "street": "Hoeger Mall",
      "suite": "Apt. 692",
      "city": "South Elvis",
      "zipcode": "53919-4257",
      "geo": {
        "lat": "29.4572",
        "lng": "-164.2990"
      }
    },
    "phone": "493-170-9623 x156",
    "website": "kale.biz",
    "company": {
      "name": "Robel-Corkery",
      "catchPhrase": "Multi-tiered zero tolerance productivity",
      "bs": "transition cutting-edge web services"
    }
  },
  {
    "id": 5,
    "name": "Chelsey Dietrich",
    "username": "Kamren",
    "email": "Lucio_Hettinger@annie.ca",
    "address": {
      "street": "Skiles Walks",
      "suite": "Suite 351",
      "city": "Roscoeview",
      "zipcode": "33263",
      "geo": {
        "lat": "-31.8129",
        "lng": "62.5342"
      }
    },
    "phone": "(254)954-1289",
    "website": "demarco.info",
    "company": {
      "name": "Keebler LLC",
      "catchPhrase": "User-centric fault-tolerant solution",
      "bs": "revolutionize end-to-end systems"
    }
  },
  {
    "id": 6,
    "name": "Mrs. Dennis Schulist",
    "username": "Leopoldo_Corkery",
    "email": "Karley_Dach@jasper.info",
    "address": {
      "street": "Norberto Crossing",
      "suite": "Apt. 950",
      "city": "South Christy",
      "zipcode": "23505-1337",
      "geo": {
        "lat": "-71.4197",
        "lng": "71.7478"
      }
    },
    "phone": "1-477-935-8478 x6430",
    "website": "ola.org",
    "company": {
      "name": "Considine-Lockman",
      "catchPhrase": "Synchronised bottom-line interface",
      "bs": "e-enable innovative applications"
    }
  },
  {
    "id": 7,
    "name": "Kurtis Weissnat",
    "username": "Elwyn.Skiles",
    "email": "Telly.Hoeger@billy.biz",
    "address": {
      "street": "Rex Trail",
      "suite": "Suite 280",
      "city": "Howemouth",
      "zipcode": "58804-1099",
      "geo": {
        "lat": "24.8918",
        "lng": "21.8984"
      }
    },
    "phone": "210.067.6132",
    "website": "elvis.io",
    "company": {
      "name": "Johns Group",
      "catchPhrase": "Configurable multimedia task-force",
      "bs": "generate enterprise e-tailers"
    }
  },
  {
    "id": 8,
    "name": "Nicholas Runolfsdottir V",
    "username": "Maxime_Nienow",
    "email": "Sherwood@rosamond.me",
    "address": {
      "street": "Ellsworth Summit",
      "suite": "Suite 729",
      "city": "Aliyaview",
      "zipcode": "45169",
      "geo": {
        "lat": "-14.3990",
        "lng": "-120.7677"
      }
    },
    "phone": "586.493.6943 x140",
    "website": "jacynthe.com",
    "company": {
      "name": "Abernathy Group",
      "catchPhrase": "Implemented secondary concept",
      "bs": "e-enable extensible e-tailers"
    }
  },
  {
    "id": 9,
    "name": "Glenna Reichert",
    "username": "Delphine",
    "email": "Chaim_McDermott@dana.io",
    "address": {
      "street": "Dayna Park",
      "suite": "Suite 449",
      "city": "Bartholomebury",
      "zipcode": "76495-3109",
      "geo": {
        "lat": "24.6463",
        "lng": "-168.8889"
      }
    },
    "phone": "(775)976-6794 x41206",
    "website": "conrad.com",
    "company": {
      "name": "Yost and Sons",
      "catchPhrase": "Switchable contextually-based project",
      "bs": "aggregate real-time technologies"
    }
  },
  {
    "id": 10,
    "name": "Clementina DuBuque",
    "username": "Moriah.Stanton",
    "email": "Rey.Padberg@karina.biz",
    "address": {
      "street": "Kattie Turnpike",
      "suite": "Suite 198",
      "city": "Lebsackbury",
      "zipcode": "31428-2261",
      "geo": {
        "lat": "-38.2386",
        "lng": "57.2232"
      }
    },
    "phone": "024-648-3804",
    "website": "ambrose.net",
    "company": {
      "name": "Hoeger LLC",
      "catchPhrase": "Centralized empowering task-force",
      "bs": "target end-to-end models"
    }
  }
]
$.length()
[
  {
    "id": 1,
    "name": "Leanne Graham",
    "username": "Bret",
    "email": "Sincere@april.biz",
    "address": {
      "street": "Kulas Light",
      "suite": "Apt. 556",
      "city": "Gwenborough",
      "zipcode": "92998-3874",
      "geo": {
        "lat": "-37.3159",
        "lng": "81.1496"
      }
    },
    "phone": "1-770-736-8031 x56442",
    "website": "hildegard.org",
    "company": {
      "name": "Romaguera-Crona",
      "catchPhrase": "Multi-layered client-server neural-net",
      "bs": "harness real-time e-markets"
    }
  },
  {
    "id": 2,
    "name": "Ervin Howell",
    "username": "Antonette",
    "email": "Shanna@melissa.tv",
    "address": {
      "street": "Victor Plains",
      "suite": "Suite 879",
      "city": "Wisokyburgh",
      "zipcode": "90566-7771",
      "geo": {
        "lat": "-43.9509",
        "lng": "-34.4618"
      }
    },
    "phone": "010-692-6593 x09125",
    "website": "anastasia.net",
    "company": {
      "name": "Deckow-Crist",
      "catchPhrase": "Proactive didactic contingency",
      "bs": "synergize scalable supply-chains"
    }
  },
  {
    "id": 3,
    "name": "Clementine Bauch",
    "username": "Samantha",
    "email": "Nathan@yesenia.net",
    "address": {
      "street": "Douglas Extension",
      "suite": "Suite 847",
      "city": "McKenziehaven",
      "zipcode": "59590-4157",
      "geo": {
        "lat": "-68.6102",
        "lng": "-47.0653"
      }
    },
    "phone": "1-463-123-4447",
    "website": "ramiro.info",
    "company": {
      "name": "Romaguera-Jacobson",
      "catchPhrase": "Face to face bifurcated interface",
      "bs": "e-enable strategic applications"
    }
  },
  {
    "id": 4,
    "name": "Patricia Lebsack",
    "username": "Karianne",
    "email": "Julianne.OConner@kory.org",
    "address": {
      "street": "Hoeger Mall",
      "suite": "Apt. 692",
      "city": "South Elvis",
      "zipcode": "53919-4257",
      "geo": {
        "lat": "29.4572",
        "lng": "-164.2990"
      }
    },
    "phone": "493-170-9623 x156",
    "website": "kale.biz",
    "company": {
      "name": "Robel-Corkery",
      "catchPhrase": "Multi-tiered zero tolerance productivity",
      "bs": "transition cutting-edge web services"
    }
  },
  {
    "id": 5,
    "name": "Chelsey Dietrich",
    "username": "Kamren",
    "email": "Lucio_Hettinger@annie.ca",
    "address": {
      "street": "Skiles Walks",
      "suite": "Suite 351",
      "city": "Roscoeview",
      "zipcode": "33263",
      "geo": {
        "lat": "-31.8129",
        "lng": "62.5342"
      }
    },
    "phone": "(254)954-1289",
    "website": "demarco.info",
    "company": {
      "name": "Keebler LLC",
      "catchPhrase": "User-centric fault-tolerant solution",
      "bs": "revolutionize end-to-end systems"
    }
  },
  {
    "id": 6,
    "name": "Mrs. Dennis Schulist",
    "username": "Leopoldo_Corkery",
    "email": "Karley_Dach@jasper.info",
    "address": {
      "street": "Norberto Crossing",
      "suite": "Apt. 950",
      "city": "South Christy",
      "zipcode": "23505-1337",
      "geo": {
        "lat": "-71.4197",
        "lng": "71.7478"
      }
    },
    "phone": "1-477-935-8478 x6430",
    "website": "ola.org",
    "company": {
      "name": "Considine-Lockman",
      "catchPhrase": "Synchronised bottom-line interface",
      "bs": "e-enable innovative applications"
    }
  },
  {
    "id": 7,
    "name": "Kurtis Weissnat",
    "username": "Elwyn.Skiles",
    "email": "Telly.Hoeger@billy.biz",
    "address": {
      "street": "Rex Trail",
      "suite": "Suite 280",
      "city": "Howemouth",
      "zipcode": "58804-1099",
      "geo": {
        "lat": "24.8918",
        "lng": "21.8984"
      }
    },
    "phone": "210.067.6132",
    "website": "elvis.io",
    "company": {
      "name": "Johns Group",
      "catchPhrase": "Configurable multimedia task-force",
      "bs": "generate enterprise e-tailers"
    }
  },
  {
    "id": 8,
    "name": "Nicholas Runolfsdottir V",
    "username": "Maxime_Nienow",
    "email": "Sherwood@rosamond.me",
    "address": {
      "street": "Ellsworth Summit",
      "suite": "Suite 729",
      "city": "Aliyaview",
      "zipcode": "45169",
      "geo": {
        "lat": "-14.3990",
        "lng": "-120.7677"
      }
    },
    "phone": "586.493.6943 x140",
    "website": "jacynthe.com",
    "company": {
      "name": "Abernathy Group",
      "catchPhrase": "Implemented secondary concept",
      "bs": "e-enable extensible e-tailers"
    }
  },
  {
    "id": 9,
    "name": "Glenna Reichert",
    "username": "Delphine",
    "email": "Chaim_McDermott@dana.io",
    "address": {
      "street": "Dayna Park",
      "suite": "Suite 449",
      "city": "Bartholomebury",
      "zipcode": "76495-3109",
      "geo": {
        "lat": "24.6463",
        "lng": "-168.8889"
      }
    },
    "phone": "(775)976-6794 x41206",
    "website": "conrad.com",
    "company": {
      "name": "Yost and Sons",
      "catchPhrase": "Switchable contextually-based project",
      "bs": "aggregate real-time technologies"
    }
  },
  {
    "id": 10,
    "name": "Clementina DuBuque",
    "username": "Moriah.Stanton",
    "email": "Rey.Padberg@karina.biz",
    "address": {
      "street": "Kattie Turnpike",
      "suite": "Suite 198",
      "city": "Lebsackbury",
      "zipcode": "31428-2261",
      "geo": {
        "lat": "-38.2386",
        "lng": "57.2232"
      }
    },
    "phone": "024-648-3804",
    "website": "ambrose.net",
    "company": {
      "name": "Hoeger LLC",
      "catchPhrase": "Centralized empowering task-force",
      "bs": "target end-to-end models"
    }
  }
]
$.[0].name
[
  {
    "id": 1,
    "name": "Leanne Graham",
    "username": "Bret",
    "email": "Sincere@april.biz",
    "address": {
      "street": "Kulas Light",
      "suite": "Apt. 556",
      "city": "Gwenborough",
      "zipcode": "92998-3874",
      "geo": {
        "lat": "-37.3159",
        "lng": "81.1496"
      }
    },
    "phone": "1-770-736-8031 x56442",
    "website": "hildegard.org",
    "company": {
      "name": "Romaguera-Crona",
      "catchPhrase": "Multi-layered client-server neural-net",
      "bs": "harness real-time e-markets"
    }
  },
  {
    "id": 2,
    "name": "Ervin Howell",
    "username": "Antonette",
    "email": "Shanna@melissa.tv",
    "address": {
      "street": "Victor Plains",
      "suite": "Suite 879",
      "city": "Wisokyburgh",
      "zipcode": "90566-7771",
      "geo": {
        "lat": "-43.9509",
        "lng": "-34.4618"
      }
    },
    "phone": "010-692-6593 x09125",
    "website": "anastasia.net",
    "company": {
      "name": "Deckow-Crist",
      "catchPhrase": "Proactive didactic contingency",
      "bs": "synergize scalable supply-chains"
    }
  },
  {
    "id": 3,
    "name": "Clementine Bauch",
    "username": "Samantha",
    "email": "Nathan@yesenia.net",
    "address": {
      "street": "Douglas Extension",
      "suite": "Suite 847",
      "city": "McKenziehaven",
      "zipcode": "59590-4157",
      "geo": {
        "lat": "-68.6102",
        "lng": "-47.0653"
      }
    },
    "phone": "1-463-123-4447",
    "website": "ramiro.info",
    "company": {
      "name": "Romaguera-Jacobson",
      "catchPhrase": "Face to face bifurcated interface",
      "bs": "e-enable strategic applications"
    }
  },
  {
    "id": 4,
    "name": "Patricia Lebsack",
    "username": "Karianne",
    "email": "Julianne.OConner@kory.org",
    "address": {
      "street": "Hoeger Mall",
      "suite": "Apt. 692",
      "city": "South Elvis",
      "zipcode": "53919-4257",
      "geo": {
        "lat": "29.4572",
        "lng": "-164.2990"
      }
    },
    "phone": "493-170-9623 x156",
    "website": "kale.biz",
    "company": {
      "name": "Robel-Corkery",
      "catchPhrase": "Multi-tiered zero tolerance productivity",
      "bs": "transition cutting-edge web services"
    }
  },
  {
    "id": 5,
    "name": "Chelsey Dietrich",
    "username": "Kamren",
    "email": "Lucio_Hettinger@annie.ca",
    "address": {
      "street": "Skiles Walks",
      "suite": "Suite 351",
      "city": "Roscoeview",
      "zipcode": "33263",
      "geo": {
        "lat": "-31.8129",
        "lng": "62.5342"
      }
    },
    "phone": "(254)954-1289",
    "website": "demarco.info",
    "company": {
      "name": "Keebler LLC",
      "catchPhrase": "User-centric fault-tolerant solution",
      "bs": "revolutionize end-to-end systems"
    }
  },
  {
    "id": 6,
    "name": "Mrs. Dennis Schulist",
    "username": "Leopoldo_Corkery",
    "email": "Karley_Dach@jasper.info",
    "address": {
      "street": "Norberto Crossing",
      "suite": "Apt. 950",
      "city": "South Christy",
      "zipcode": "23505-1337",
      "geo": {
        "lat": "-71.4197",
        "lng": "71.7478"
      }
    },
    "phone": "1-477-935-8478 x6430",
    "website": "ola.org",
    "company": {
      "name": "Considine-Lockman",
      "catchPhrase": "Synchronised bottom-line interface",
      "bs": "e-enable innovative applications"
    }
  },
  {
    "id": 7,
    "name": "Kurtis Weissnat",
    "username": "Elwyn.Skiles",
    "email": "Telly.Hoeger@billy.biz",
    "address": {
      "street": "Rex Trail",
      "suite": "Suite 280",
      "city": "Howemouth",
      "zipcode": "58804-1099",
      "geo": {
        "lat": "24.8918",
        "lng": "21.8984"
      }
    },
    "phone": "210.067.6132",
    "website": "elvis.io",
    "company": {
      "name": "Johns Group",
      "catchPhrase": "Configurable multimedia task-force",
      "bs": "generate enterprise e-tailers"
    }
  },
  {
    "id": 8,
    "name": "Nicholas Runolfsdottir V",
    "username": "Maxime_Nienow",
    "email": "Sherwood@rosamond.me",
    "address": {
      "street": "Ellsworth Summit",
      "suite": "Suite 729",
      "city": "Aliyaview",
      "zipcode": "45169",
      "geo": {
        "lat": "-14.3990",
        "lng": "-120.7677"
      }
    },
    "phone": "586.493.6943 x140",
    "website": "jacynthe.com",
    "company": {
      "name": "Abernathy Group",
      "catchPhrase": "Implemented secondary concept",
      "bs": "e-enable extensible e-tailers"
    }
  },
  {
    "id": 9,
    "name": "Glenna Reichert",
    "username": "Delphine",
    "email": "Chaim_McDermott@dana.io",
    "address": {
      "street": "Dayna Park",
      "suite": "Suite 449",
      "city": "Bartholomebury",
      "zipcode": "76495-3109",
      "geo": {
        "lat": "24.6463",
        "lng": "-168.8889"
      }
    },
    "phone": "(775)976-6794 x41206",
    "website": "conrad.com",
    "company": {
      "name": "Yost and Sons",
      "catchPhrase": "Switchable contextually-based project",
      "bs": "aggregate real-time technologies"
    }
  },
  {
    "id": 10,
    "name": "Clementina DuBuque",
    "username": "Moriah.Stanton",
    "email": "Rey.Padberg@karina.biz",
    "address": {
      "street": "Kattie Turnpike",
      "suite": "Suite 198",
      "city": "Lebsackbury",
      "zipcode": "31428-2261",
      "geo": {
        "lat": "-38.2386",
        "lng": "57.2232"
      }
    },
    "phone": "024-648-3804",
    "website": "ambrose.net",
    "company": {
      "name": "Hoeger LLC",
      "catchPhrase": "Centralized empowering task-force",
      "bs": "target end-to-end models"
    }
  }
]
$.[1].address.street
=================&gt; API EXECUTION FLOW AT 2017-04-28T11:50:30.986 &lt;=================
REQUEST ACTION   : GET http://jsonplaceholder.typicode.com:80/users?id=1
RESPONSE STATUS  : 200
RESPONSE TIME    : 69
RESPONSE HEADERS :
Via: 1.1 192.22.168.3 (McAfee Web Gateway 7.6.2.21509)
Date: Fri, 28 Apr 2017 09:50:31 GMT
Etag: W/"22f-l/Eoj4zYmvire0cm5iBTWDS+4F8"
CF-RAY: 35691e23f09d68f0-CDG
Pragma: no-cache
Server: cloudflare-nginx
Expires: Fri, 28 Apr 2017 13:50:31 GMT
X-Cache: MISS from 192.22.168.3
Set-Cookie: __cfduid=d1f59d8876bd53f4fb7cfb284a28bdd131493373031; expires=Sat, 28-Apr-18 09:50:31 GMT; path=/; domain=.typicode.com; HttpOnly
Content-Type: application/json; charset=utf-8
X-Powered-By: Express
Cache-Control: public, max-age=14400
CF-Cache-Status: HIT
Proxy-Connection: Keep-Alive
Transfer-Encoding: chunked
X-Content-Type-Options: nosniff
Access-Control-Allow-Credentials: true
RESPONSE BODY    :
[
  {
    "id": 1,
    "name": "Leanne Graham",
    "username": "Bret",
    "email": "Sincere@april.biz",
    "address": {
      "street": "Kulas Light",
      "suite": "Apt. 556",
      "city": "Gwenborough",
      "zipcode": "92998-3874",
      "geo": {
        "lat": "-37.3159",
        "lng": "81.1496"
      }
    },
    "phone": "1-770-736-8031 x56442",
    "website": "hildegard.org",
    "company": {
      "name": "Romaguera-Crona",
      "catchPhrase": "Multi-layered client-server neural-net",
      "bs": "harness real-time e-markets"
    }
  }
]
[
  {
    "id": 1,
    "name": "Leanne Graham",
    "username": "Bret",
    "email": "Sincere@april.biz",
    "address": {
      "street": "Kulas Light",
      "suite": "Apt. 556",
      "city": "Gwenborough",
      "zipcode": "92998-3874",
      "geo": {
        "lat": "-37.3159",
        "lng": "81.1496"
      }
    },
    "phone": "1-770-736-8031 x56442",
    "website": "hildegard.org",
    "company": {
      "name": "Romaguera-Crona",
      "catchPhrase": "Multi-layered client-server neural-net",
      "bs": "harness real-time e-markets"
    }
  }
]
$.[0].name
=================&gt; API EXECUTION FLOW AT 2017-04-28T11:50:31.065 &lt;=================
REQUEST ACTION   : GET http://jsonplaceholder.typicode.com:80/users?id=2
RESPONSE STATUS  : 200
RESPONSE TIME    : 77
RESPONSE HEADERS :
Via: 1.1 192.22.168.3 (McAfee Web Gateway 7.6.2.21509)
Date: Fri, 28 Apr 2017 09:50:31 GMT
Etag: W/"22f-Xslr/WbRYERqvmQ3oppSc/eyCho"
CF-RAY: 35691e2470d168f0-CDG
Pragma: no-cache
Server: cloudflare-nginx
Expires: Fri, 28 Apr 2017 13:50:31 GMT
X-Cache: MISS from 192.22.168.3
Set-Cookie: __cfduid=d1f59d8876bd53f4fb7cfb284a28bdd131493373031; expires=Sat, 28-Apr-18 09:50:31 GMT; path=/; domain=.typicode.com; HttpOnly
Content-Type: application/json; charset=utf-8
X-Powered-By: Express
Cache-Control: public, max-age=14400
CF-Cache-Status: HIT
Proxy-Connection: Keep-Alive
Transfer-Encoding: chunked
X-Content-Type-Options: nosniff
Access-Control-Allow-Credentials: true
RESPONSE BODY    :
[
  {
    "id": 2,
    "name": "Ervin Howell",
    "username": "Antonette",
    "email": "Shanna@melissa.tv",
    "address": {
      "street": "Victor Plains",
      "suite": "Suite 879",
      "city": "Wisokyburgh",
      "zipcode": "90566-7771",
      "geo": {
        "lat": "-43.9509",
        "lng": "-34.4618"
      }
    },
    "phone": "010-692-6593 x09125",
    "website": "anastasia.net",
    "company": {
      "name": "Deckow-Crist",
      "catchPhrase": "Proactive didactic contingency",
      "bs": "synergize scalable supply-chains"
    }
  }
]
[
  {
    "id": 2,
    "name": "Ervin Howell",
    "username": "Antonette",
    "email": "Shanna@melissa.tv",
    "address": {
      "street": "Victor Plains",
      "suite": "Suite 879",
      "city": "Wisokyburgh",
      "zipcode": "90566-7771",
      "geo": {
        "lat": "-43.9509",
        "lng": "-34.4618"
      }
    },
    "phone": "010-692-6593 x09125",
    "website": "anastasia.net",
    "company": {
      "name": "Deckow-Crist",
      "catchPhrase": "Proactive didactic contingency",
      "bs": "synergize scalable supply-chains"
    }
  }
]
$.[0].name
=================&gt; API EXECUTION FLOW AT 2017-04-28T11:50:31.148 &lt;=================
REQUEST ACTION   : GET http://jsonplaceholder.typicode.com:80/users?id=3
RESPONSE STATUS  : 200
RESPONSE TIME    : 81
RESPONSE HEADERS :
Via: 1.1 192.22.168.3 (McAfee Web Gateway 7.6.2.21509)
Date: Fri, 28 Apr 2017 09:50:31 GMT
Etag: W/"23a-VrlLp3GPlBa4qUMimheQ+Tw9pSM"
CF-RAY: 35691e25045d1025-CDG
Pragma: no-cache
Server: cloudflare-nginx
Expires: Fri, 28 Apr 2017 13:50:31 GMT
X-Cache: MISS from 192.22.168.3
Set-Cookie: __cfduid=dbfbad7fbddb0229aa1e460091443da241493373031; expires=Sat, 28-Apr-18 09:50:31 GMT; path=/; domain=.typicode.com; HttpOnly
Content-Type: application/json; charset=utf-8
X-Powered-By: Express
Cache-Control: public, max-age=14400
CF-Cache-Status: HIT
Proxy-Connection: Keep-Alive
Transfer-Encoding: chunked
X-Content-Type-Options: nosniff
Access-Control-Allow-Credentials: true
RESPONSE BODY    :
[
  {
    "id": 3,
    "name": "Clementine Bauch",
    "username": "Samantha",
    "email": "Nathan@yesenia.net",
    "address": {
      "street": "Douglas Extension",
      "suite": "Suite 847",
      "city": "McKenziehaven",
      "zipcode": "59590-4157",
      "geo": {
        "lat": "-68.6102",
        "lng": "-47.0653"
      }
    },
    "phone": "1-463-123-4447",
    "website": "ramiro.info",
    "company": {
      "name": "Romaguera-Jacobson",
      "catchPhrase": "Face to face bifurcated interface",
      "bs": "e-enable strategic applications"
    }
  }
]
[
  {
    "id": 3,
    "name": "Clementine Bauch",
    "username": "Samantha",
    "email": "Nathan@yesenia.net",
    "address": {
      "street": "Douglas Extension",
      "suite": "Suite 847",
      "city": "McKenziehaven",
      "zipcode": "59590-4157",
      "geo": {
        "lat": "-68.6102",
        "lng": "-47.0653"
      }
    },
    "phone": "1-463-123-4447",
    "website": "ramiro.info",
    "company": {
      "name": "Romaguera-Jacobson",
      "catchPhrase": "Face to face bifurcated interface",
      "bs": "e-enable strategic applications"
    }
  }
]
$.[0].name
=================&gt; API EXECUTION FLOW AT 2017-04-28T11:50:31.249 &lt;=================
REQUEST ACTION   : GET http://jsonplaceholder.typicode.com:80/users?id=1
RESPONSE STATUS  : 200
RESPONSE TIME    : 96
RESPONSE HEADERS :
Via: 1.1 192.22.168.3 (McAfee Web Gateway 7.6.2.21509)
Date: Fri, 28 Apr 2017 09:50:31 GMT
Etag: W/"22f-l/Eoj4zYmvire0cm5iBTWDS+4F8"
CF-RAY: 35691e25a23569b2-CDG
Pragma: no-cache
Server: cloudflare-nginx
Expires: Fri, 28 Apr 2017 13:50:31 GMT
X-Cache: MISS from 192.22.168.3
Set-Cookie: __cfduid=d24f7f13b90491dbab917a040310594451493373031; expires=Sat, 28-Apr-18 09:50:31 GMT; path=/; domain=.typicode.com; HttpOnly
Content-Type: application/json; charset=utf-8
X-Powered-By: Express
Cache-Control: public, max-age=14400
CF-Cache-Status: HIT
Proxy-Connection: Keep-Alive
Transfer-Encoding: chunked
X-Content-Type-Options: nosniff
Access-Control-Allow-Credentials: true
RESPONSE BODY    :
[
  {
    "id": 1,
    "name": "Leanne Graham",
    "username": "Bret",
    "email": "Sincere@april.biz",
    "address": {
      "street": "Kulas Light",
      "suite": "Apt. 556",
      "city": "Gwenborough",
      "zipcode": "92998-3874",
      "geo": {
        "lat": "-37.3159",
        "lng": "81.1496"
      }
    },
    "phone": "1-770-736-8031 x56442",
    "website": "hildegard.org",
    "company": {
      "name": "Romaguera-Crona",
      "catchPhrase": "Multi-layered client-server neural-net",
      "bs": "harness real-time e-markets"
    }
  }
]
[
  {
    "id": 1,
    "name": "Leanne Graham",
    "username": "Bret",
    "email": "Sincere@april.biz",
    "address": {
      "street": "Kulas Light",
      "suite": "Apt. 556",
      "city": "Gwenborough",
      "zipcode": "92998-3874",
      "geo": {
        "lat": "-37.3159",
        "lng": "81.1496"
      }
    },
    "phone": "1-770-736-8031 x56442",
    "website": "hildegard.org",
    "company": {
      "name": "Romaguera-Crona",
      "catchPhrase": "Multi-layered client-server neural-net",
      "bs": "harness real-time e-markets"
    }
  }
]
$.[0].name
[
  {
    "id": 1,
    "name": "Leanne Graham",
    "username": "Bret",
    "email": "Sincere@april.biz",
    "address": {
      "street": "Kulas Light",
      "suite": "Apt. 556",
      "city": "Gwenborough",
      "zipcode": "92998-3874",
      "geo": {
        "lat": "-37.3159",
        "lng": "81.1496"
      }
    },
    "phone": "1-770-736-8031 x56442",
    "website": "hildegard.org",
    "company": {
      "name": "Romaguera-Crona",
      "catchPhrase": "Multi-layered client-server neural-net",
      "bs": "harness real-time e-markets"
    }
  }
]
$.[0].address.city
=================&gt; API EXECUTION FLOW AT 2017-04-28T11:50:31.420 &lt;=================
REQUEST ACTION   : POST http://jsonplaceholder.typicode.com:80/users
REQUEST BODY   : 
{"id":12,"name":"Jack the Ripper","username":"Bret","email":"Sincere@april.biz","address":{"street":"Kulas Light","suite":"Apt. 556","city":"London","zipcode":"92998-3874","geo":{"lat":"-37.3159","lng":"81.1496"}},"phone":"1-770-736-8031 x56442","website":"hildegard.org","company":{"name":"Romaguera-Crona","catchPhrase":"Multi-layered client-server neural-net","bs":"harness real-time e-markets"}}
RESPONSE STATUS  : 201
RESPONSE TIME    : 323
RESPONSE HEADERS :
Via: 1.1 192.22.168.3 (McAfee Web Gateway 7.6.2.21509)
Date: Fri, 28 Apr 2017 09:50:31 GMT
Etag: W/"1fb-4qGLvcO70nuF5joma1DSVgF/H9M"
Vary: Origin, X-HTTP-Method-Override, Accept-Encoding
CF-RAY: 35691e26b1d81055-CDG
Pragma: no-cache
Server: cloudflare-nginx
Expires: -1
X-Cache: MISS from 192.22.168.3
Set-Cookie: __cfduid=d58791309ed4d47c2f0f5623e60ae2e351493373031; expires=Sat, 28-Apr-18 09:50:31 GMT; path=/; domain=.typicode.com; HttpOnly
Content-Type: application/json; charset=utf-8
X-Powered-By: Express
Cache-Control: no-cache
Content-Length: 507
Proxy-Connection: Keep-Alive
X-Content-Type-Options: nosniff
Access-Control-Allow-Credentials: true
RESPONSE BODY    :
{
  "id": 12,
  "name": "Jack the Ripper",
  "username": "Bret",
  "email": "Sincere@april.biz",
  "address": {
    "street": "Kulas Light",
    "suite": "Apt. 556",
    "city": "London",
    "zipcode": "92998-3874",
    "geo": {
      "lat": "-37.3159",
      "lng": "81.1496"
    }
  },
  "phone": "1-770-736-8031 x56442",
  "website": "hildegard.org",
  "company": {
    "name": "Romaguera-Crona",
    "catchPhrase": "Multi-layered client-server neural-net",
    "bs": "harness real-time e-markets"
  }
}
{
  "id": 12,
  "name": "Jack the Ripper",
  "username": "Bret",
  "email": "Sincere@april.biz",
  "address": {
    "street": "Kulas Light",
    "suite": "Apt. 556",
    "city": "London",
    "zipcode": "92998-3874",
    "geo": {
      "lat": "-37.3159",
      "lng": "81.1496"
    }
  },
  "phone": "1-770-736-8031 x56442",
  "website": "hildegard.org",
  "company": {
    "name": "Romaguera-Crona",
    "catchPhrase": "Multi-layered client-server neural-net",
    "bs": "harness real-time e-markets"
  }
}
$.name
{
  "id": 12,
  "name": "Jack the Ripper",
  "username": "Bret",
  "email": "Sincere@april.biz",
  "address": {
    "street": "Kulas Light",
    "suite": "Apt. 556",
    "city": "London",
    "zipcode": "92998-3874",
    "geo": {
      "lat": "-37.3159",
      "lng": "81.1496"
    }
  },
  "phone": "1-770-736-8031 x56442",
  "website": "hildegard.org",
  "company": {
    "name": "Romaguera-Crona",
    "catchPhrase": "Multi-layered client-server neural-net",
    "bs": "harness real-time e-markets"
  }
}
$.address.city
=================&gt; API EXECUTION FLOW AT 2017-04-28T11:50:31.754 &lt;=================
REQUEST ACTION   : POST http://jsonplaceholder.typicode.com:80/users
REQUEST BODY   : 
{"id":13,"name":"Marilyn Manson","username":"Bret","email":"Sincere@april.biz","address":{"street":"Kulas Light","suite":"Apt. 556","city":"Los Angeles","zipcode":"92998-3874","geo":{"lat":"-37.3159","lng":"81.1496"}},"phone":"1-770-736-8031 x56442","website":"hildegard.org","company":{"name":"Romaguera-Crona","catchPhrase":"Multi-layered client-server neural-net","bs":"harness real-time e-markets"}}
RESPONSE STATUS  : 201
RESPONSE TIME    : 291
RESPONSE HEADERS :
Via: 1.1 192.22.168.3 (McAfee Web Gateway 7.6.2.21509)
Date: Fri, 28 Apr 2017 09:50:32 GMT
Etag: W/"1ff-LABTfC7IjqhF6yZCitJkpXvZwmw"
Vary: Origin, X-HTTP-Method-Override, Accept-Encoding
CF-RAY: 35691e28d7053c59-CDG
Pragma: no-cache
Server: cloudflare-nginx
Expires: -1
X-Cache: MISS from 192.22.168.3
Set-Cookie: __cfduid=d0e96bcbda78ed1457db4d65ddbcd99741493373031; expires=Sat, 28-Apr-18 09:50:31 GMT; path=/; domain=.typicode.com; HttpOnly
Content-Type: application/json; charset=utf-8
X-Powered-By: Express
Cache-Control: no-cache
Content-Length: 511
Proxy-Connection: Keep-Alive
X-Content-Type-Options: nosniff
Access-Control-Allow-Credentials: true
RESPONSE BODY    :
{
  "id": 13,
  "name": "Marilyn Manson",
  "username": "Bret",
  "email": "Sincere@april.biz",
  "address": {
    "street": "Kulas Light",
    "suite": "Apt. 556",
    "city": "Los Angeles",
    "zipcode": "92998-3874",
    "geo": {
      "lat": "-37.3159",
      "lng": "81.1496"
    }
  },
  "phone": "1-770-736-8031 x56442",
  "website": "hildegard.org",
  "company": {
    "name": "Romaguera-Crona",
    "catchPhrase": "Multi-layered client-server neural-net",
    "bs": "harness real-time e-markets"
  }
}
{
  "id": 13,
  "name": "Marilyn Manson",
  "username": "Bret",
  "email": "Sincere@april.biz",
  "address": {
    "street": "Kulas Light",
    "suite": "Apt. 556",
    "city": "Los Angeles",
    "zipcode": "92998-3874",
    "geo": {
      "lat": "-37.3159",
      "lng": "81.1496"
    }
  },
  "phone": "1-770-736-8031 x56442",
  "website": "hildegard.org",
  "company": {
    "name": "Romaguera-Crona",
    "catchPhrase": "Multi-layered client-server neural-net",
    "bs": "harness real-time e-markets"
  }
}
$.name
{
  "id": 13,
  "name": "Marilyn Manson",
  "username": "Bret",
  "email": "Sincere@april.biz",
  "address": {
    "street": "Kulas Light",
    "suite": "Apt. 556",
    "city": "Los Angeles",
    "zipcode": "92998-3874",
    "geo": {
      "lat": "-37.3159",
      "lng": "81.1496"
    }
  },
  "phone": "1-770-736-8031 x56442",
  "website": "hildegard.org",
  "company": {
    "name": "Romaguera-Crona",
    "catchPhrase": "Multi-layered client-server neural-net",
    "bs": "harness real-time e-markets"
  }
}
$.address.city
</stdOut>
    <stdErr></stdErr>
  </executionLog>
  <finalCounts>
    <right>1</right>
    <wrong>0</wrong>
    <ignores>0</ignores>
    <exceptions>0</exceptions>
  </finalCounts>
  <totalRunTimeInMillis>3017</totalRunTimeInMillis>
</testResults>

